year_frac,aod_global,aod_nh,aod_sh
2002.541667,0.173912,0.241602,0.100242
2002.625000,0.186894,0.234603,0.137850
2002.708333,0.163857,0.188460,0.138793
2002.791667,0.154586,0.153038,0.156003
2002.875000,0.142762,0.142223,0.143206
2002.958333,0.136813,0.141436,0.133376
2003.041667,0.146776,0.158725,0.137892
2003.125000,0.151049,0.173088,0.134515
2003.208333,0.161737,0.223854,0.112386
2003.291667,0.162407,0.236295,0.097915
2003.375000,0.193092,0.292059,0.092868
2003.458333,0.179273,0.259106,0.090509
2003.541667,0.178570,0.247579,0.101859
2003.625000,0.165866,0.210233,0.118680
2003.708333,0.154450,0.167062,0.141292
2003.791667,0.139283,0.140670,0.137960
2003.875000,0.132834,0.139266,0.127470
2003.958333,0.136719,0.145348,0.130201
2004.041667,0.133484,0.146670,0.123675
2004.125000,0.153217,0.190388,0.125034
2004.208333,0.180388,0.254070,0.121077
2004.291667,0.151200,0.212673,0.097724
2004.375000,0.161261,0.221803,0.100586
2004.458333,0.167158,0.227953,0.099817
2004.541667,0.175280,0.244215,0.099594
2004.625000,0.161500,0.198733,0.122509
2004.708333,0.157533,0.156065,0.159029
2004.791667,0.150155,0.156907,0.143894
2004.875000,0.131706,0.137475,0.126909
2004.958333,0.138697,0.146859,0.132575
2005.041667,0.154419,0.175914,0.138553
2005.125000,0.151617,0.179332,0.130655
2005.208333,0.153042,0.201738,0.114040
2005.291667,0.171548,0.244919,0.106900
2005.375000,0.158798,0.221007,0.095104
2005.458333,0.164873,0.228138,0.095132
2005.541667,0.177081,0.238046,0.110406
2005.625000,0.176061,0.210602,0.139655
2005.708333,0.175575,0.176444,0.174673
2005.791667,0.148402,0.153635,0.143433
2005.875000,0.137998,0.146906,0.130402
2005.958333,0.132227,0.140383,0.126102
2006.041667,0.142713,0.160503,0.129540
2006.125000,0.140348,0.169615,0.118127
2006.208333,0.164219,0.225099,0.115649
2006.291667,0.160159,0.232906,0.096499
2006.375000,0.152894,0.221879,0.083314
2006.458333,0.165341,0.229248,0.094163
2006.541667,0.177996,0.250640,0.098119
2006.625000,0.168054,0.205004,0.129120
2006.708333,0.163425,0.174445,0.151957
2006.791667,0.157448,0.168094,0.147423
2006.875000,0.144470,0.149477,0.140281
2006.958333,0.158118,0.170290,0.148973
2007.041667,0.165181,0.193626,0.144011
2007.125000,0.158549,0.188949,0.135389
2007.208333,0.173140,0.237256,0.121150
2007.291667,0.163510,0.230210,0.104560
2007.375000,0.167741,0.239607,0.094889
2007.458333,0.167535,0.231945,0.095313
2007.541667,0.168618,0.228096,0.103128
2007.625000,0.171264,0.205064,0.135358
2007.708333,0.176302,0.170837,0.181957
2007.791667,0.153528,0.153345,0.153701
2007.875000,0.143911,0.155396,0.134157
2007.958333,0.141892,0.157650,0.130085
2008.041667,0.148421,0.171612,0.131154
2008.125000,0.162358,0.200637,0.133304
2008.208333,0.160557,0.216604,0.115361
2008.291667,0.177612,0.267168,0.099368
2008.375000,0.171114,0.248760,0.092122
2008.458333,0.173334,0.245314,0.093051
2008.541667,0.177587,0.244718,0.103179
2008.625000,0.167585,0.206984,0.125789
2008.708333,0.174726,0.192058,0.157010
2008.791667,0.157944,0.167979,0.148482
2008.875000,0.139864,0.152044,0.129557
2008.958333,0.139016,0.159373,0.123752
2009.041667,0.144650,0.165806,0.128913
2009.125000,0.160146,0.198555,0.130810
2009.208333,0.169420,0.231996,0.119680
2009.291667,0.163154,0.229735,0.104826
2009.375000,0.162888,0.234354,0.090427
2009.458333,0.159745,0.222384,0.089582
2009.541667,0.182846,0.254540,0.103686
2009.625000,0.179772,0.233103,0.122842
2009.708333,0.168715,0.188690,0.147904
2009.791667,0.149424,0.162195,0.137390
2009.875000,0.145519,0.157794,0.135326
2009.958333,0.140466,0.153355,0.130867
2010.041667,0.151951,0.167884,0.140178
2010.125000,0.154419,0.188510,0.128861
2010.208333,0.180596,0.261058,0.116706
2010.291667,0.166916,0.241892,0.100871
2010.375000,0.156916,0.220819,0.091242
2010.458333,0.165641,0.228841,0.094508
2010.541667,0.172888,0.235538,0.104018
2010.625000,0.188951,0.225837,0.149953
2010.708333,0.167325,0.158720,0.176194
2010.791667,0.152466,0.147666,0.157002
2010.875000,0.138454,0.144473,0.133367
2010.958333,0.143920,0.149489,0.139720
2011.041667,0.149539,0.163847,0.139043
2011.125000,0.153539,0.183747,0.130775
2011.208333,0.158479,0.208186,0.119283
2011.291667,0.169726,0.242629,0.106222
2011.375000,0.166625,0.237278,0.094478
2011.458333,0.192519,0.266022,0.110586
2011.541667,0.201296,0.272316,0.123025
2011.625000,0.179084,0.220380,0.135809
2011.708333,0.177051,0.181878,0.172117
2011.791667,0.156065,0.166039,0.146686
2011.875000,0.152997,0.162633,0.144980
2011.958333,0.157152,0.175156,0.143641
2012.041667,0.155701,0.172845,0.143053
2012.125000,0.161090,0.203908,0.129070
2012.208333,0.188478,0.273014,0.121387
2012.291667,0.166424,0.237927,0.103491
2012.375000,0.174162,0.252501,0.093822
2012.458333,0.183119,0.258948,0.098127
2012.541667,0.195112,0.272366,0.109731
2012.625000,0.179343,0.229694,0.125920
2012.708333,0.161828,0.167121,0.156320
2012.791667,0.145079,0.147562,0.142754
2012.875000,0.142133,0.144474,0.140192
2012.958333,0.141610,0.149789,0.135471
2013.041667,0.152014,0.170983,0.137988
2013.125000,0.157226,0.194394,0.129182
2013.208333,0.161442,0.216664,0.117337
2013.291667,0.161623,0.232446,0.099862
2013.375000,0.155966,0.215876,0.094762
2013.458333,0.175359,0.242934,0.099485
2013.541667,0.173193,0.235157,0.105039
2013.625000,0.174637,0.221081,0.125173
2013.708333,0.150980,0.157887,0.143869
2013.791667,0.142358,0.152823,0.132534
2013.875000,0.129896,0.137335,0.123571
2013.958333,0.141720,0.156534,0.130523
2014.041667,0.147120,0.168020,0.131476
2014.125000,0.156312,0.187992,0.132389
2014.208333,0.162505,0.214023,0.120687
2014.291667,0.163454,0.231337,0.103765
2014.375000,0.155371,0.214829,0.095194
2014.458333,0.167794,0.228542,0.099968
2014.541667,0.184062,0.253069,0.107885
2014.625000,0.170248,0.213879,0.123945
2014.708333,0.158081,0.167260,0.148572
2014.791667,0.150026,0.154665,0.145690
2014.875000,0.139598,0.145563,0.134609
2014.958333,0.145825,0.158351,0.136386
2015.041667,0.155727,0.179318,0.138068
2015.125000,0.154751,0.180696,0.134792
2015.208333,0.168738,0.229210,0.119746
2015.291667,0.169126,0.242001,0.104601
2015.375000,0.165572,0.223624,0.106579
2015.458333,0.175518,0.233580,0.111170
2015.541667,0.185952,0.242741,0.123522
2015.625000,0.187288,0.216581,0.156402
2015.708333,0.174018,0.175035,0.172961
2015.791667,0.174261,0.167895,0.180278
2015.875000,0.153336,0.147098,0.158534
2015.958333,0.162439,0.170977,0.156006
2016.041667,0.159605,0.170323,0.151699
2016.125000,0.180423,0.217836,0.151574
2016.208333,0.166918,0.218581,0.124988
2016.291667,0.161799,0.220534,0.109581
2016.375000,0.158799,0.219210,0.096660
2016.458333,0.160798,0.215105,0.100001
2016.541667,0.173310,0.232833,0.107756
2016.625000,0.163821,0.192992,0.132731
2016.708333,0.154833,0.163060,0.146316
2016.791667,0.144777,0.152175,0.137894
2016.875000,0.144060,0.152491,0.137098
2016.958333,0.147376,0.162536,0.136080
2017.041667,0.146364,0.159900,0.136371
2017.125000,0.156062,0.188248,0.131389
2017.208333,0.157424,0.204908,0.119331
2017.291667,0.161203,0.225429,0.105002
2017.375000,0.153586,0.209282,0.097131
2017.458333,0.154640,0.204390,0.099085
2017.541667,0.168834,0.225668,0.106316
2017.625000,0.173553,0.219841,0.124648
2017.708333,0.176401,0.183141,0.169494
2017.791667,0.156304,0.168151,0.145240
2017.875000,0.144662,0.154495,0.136523
2017.958333,0.151320,0.167245,0.139366
2018.041667,0.159676,0.181997,0.143164
2018.125000,0.158911,0.192185,0.133708
2018.208333,0.164015,0.218830,0.120531
2018.291667,0.169967,0.240506,0.108252
2018.375000,0.157275,0.217745,0.096586
2018.458333,0.167909,0.233285,0.095398
2018.541667,0.191450,0.267028,0.107699
2018.625000,0.185694,0.238178,0.130657
2018.708333,0.158275,0.163056,0.153323
2018.791667,0.146305,0.144755,0.147763
2018.875000,0.142961,0.143084,0.142860
2018.958333,0.147199,0.156645,0.140205
2019.041667,0.153387,0.163681,0.145773
2019.125000,0.161025,0.193310,0.136361
2019.208333,0.166431,0.215822,0.126747
2019.291667,0.156998,0.212751,0.107923
2019.375000,0.151077,0.204621,0.096323
2019.458333,0.159440,0.209842,0.102569
2019.541667,0.192842,0.264836,0.112917
2019.625000,0.199063,0.248269,0.146867
2019.708333,0.181450,0.194225,0.168066
2019.791667,0.154861,0.161678,0.148398
2019.875000,0.156379,0.157579,0.155369
2019.958333,0.154516,0.157601,0.152196
2020.041667,0.190315,0.181941,0.196537
2020.125000,0.190414,0.214101,0.172203
2020.208333,0.176368,0.219369,0.141369
2020.291667,0.169001,0.223582,0.120443
2020.375000,0.156677,0.200855,0.111014
2020.458333,0.170043,0.224727,0.108772
2020.541667,0.176852,0.228358,0.119568
2020.625000,0.170737,0.204131,0.137216
2020.708333,0.182899,0.194468,0.170834
2020.791667,0.157978,0.155857,0.160002
2020.875000,0.142487,0.147840,0.137959
2020.958333,0.141523,0.144828,0.139051
2021.041667,0.152279,0.170476,0.138670
2021.125000,0.164792,0.197745,0.139341
2021.208333,0.174011,0.239726,0.121052
2021.291667,0.165846,0.230799,0.108528
2021.375000,0.153499,0.205101,0.101372
2021.458333,0.163155,0.218710,0.101554
2021.541667,0.197976,0.275666,0.112162
2021.625000,0.205938,0.270843,0.137030
2021.708333,0.166390,0.172241,0.160367
2021.791667,0.149935,0.155768,0.144426
2021.875000,0.136632,0.142472,0.131787
2021.958333,0.146733,0.159785,0.136953
2022.041667,0.157105,0.161161,0.154117
2022.125000,0.179388,0.196874,0.166159
2022.208333,0.189409,0.240592,0.148693
2022.291667,0.182189,0.244733,0.128299
2022.375000,0.176877,0.235689,0.117883
2022.458333,0.173666,0.222407,0.119714
2022.541667,0.183032,0.228353,0.133068
2022.625000,0.177131,0.193448,0.160013
2022.708333,0.174879,0.165919,0.183960
2022.791667,0.167934,0.156428,0.178640
2022.875000,0.152928,0.151773,0.153879
2022.958333,0.158451,0.159382,0.157766
2023.041667,0.163569,0.171445,0.157779
2023.125000,0.183002,0.210845,0.161910
2023.208333,0.169208,0.210612,0.136275
2023.291667,0.175135,0.239130,0.119697
2023.375000,0.174882,0.235784,0.112098
2023.458333,0.177968,0.240273,0.106892
2023.541667,0.193678,0.256949,0.123445
2023.625000,0.186388,0.223142,0.147302
2023.708333,0.175595,0.181751,0.169275
2023.791667,0.160949,0.154791,0.166733
2023.875000,0.151924,0.146653,0.156231
2023.958333,0.147468,0.153430,0.143001
2024.041667,0.154209,0.169560,0.142819
2024.125000,0.161896,0.193121,0.138060
2024.208333,0.162243,0.214650,0.120251
2024.291667,0.161987,0.223581,0.107069
2024.375000,0.163143,0.216660,0.106606
2024.458333,0.167236,0.217625,0.109366
2024.541667,0.200687,0.267862,0.124869
2024.625000,0.197263,0.218895,0.174080
2024.708333,0.185841,0.161724,0.210718
2024.791667,0.157123,0.147678,0.165978
2024.875000,0.149052,0.148878,0.149196
2024.958333,0.153854,0.163157,0.146885
2025.041667,0.147640,0.164641,0.134914
2025.125000,0.156705,0.186534,0.133868
2025.208333,0.154604,0.197456,0.119756
2025.291667,0.151873,0.207125,0.101397
2025.375000,0.156156,0.211346,0.095589
2025.458333,0.178381,0.243358,0.098983
2025.541667,0.168154,0.222467,0.103342
2025.625000,0.160578,0.196109,0.121082
2025.708333,0.150877,0.151611,0.150110
2025.791667,0.135016,0.135143,0.134899
2025.875000,0.127979,0.137700,0.120061
2025.958333,0.129183,0.141877,0.120104
2026.041667,0.144059,0.163785,0.129704
2026.125000,0.143749,0.181941,0.114332
2026.208333,0.141648,0.186335,0.105278
2026.291667,0.135550,0.190224,0.083172
