year_frac,volume
1979.0417,27.704
1979.1250,30.171
1979.2083,32.045
1979.2917,32.951
1979.3750,32.295
1979.4583,29.787
1979.5417,23.661
1979.6250,18.409
1979.7083,16.911
1979.7917,17.854
1979.8750,20.124
1979.9583,23.201
1980.0417,26.530
1980.1250,29.154
1980.2083,31.128
1980.2917,32.235
1980.3750,31.807
1980.4583,29.152
1980.5417,22.865
1980.6250,17.790
1980.7083,16.316
1980.7917,17.325
1980.8750,19.424
1980.9583,22.451
1981.0417,25.317
1981.1250,27.770
1981.2083,29.818
1981.2917,30.744
1981.3750,30.034
1981.4583,26.817
1981.5417,20.173
1981.6250,14.635
1981.7083,12.808
1981.7917,13.965
1981.8750,16.145
1981.9583,19.115
1982.0417,22.633
1982.1250,25.486
1982.2083,27.653
1982.2917,28.968
1982.3750,28.302
1982.4583,25.616
1982.5417,19.665
1982.6250,14.834
1982.7083,13.508
1982.7917,14.911
1982.8750,17.766
1982.9583,21.066
1983.0417,24.457
1983.1250,27.279
1983.2083,29.385
1983.2917,30.386
1983.3750,30.170
1983.4583,27.758
1983.5417,21.854
1983.6250,16.738
1983.7083,15.200
1983.7917,16.427
1983.8750,18.954
1983.9583,21.962
1984.0417,24.733
1984.1250,27.209
1984.2083,29.151
1984.2917,30.330
1984.3750,29.816
1984.4583,27.093
1984.5417,20.941
1984.6250,16.148
1984.7083,14.635
1984.7917,15.664
1984.8750,18.097
1984.9583,21.292
1985.0417,24.639
1985.1250,27.264
1985.2083,29.453
1985.2917,30.864
1985.3750,30.517
1985.4583,27.488
1985.5417,20.768
1985.6250,16.012
1985.7083,14.583
1985.7917,15.838
1985.8750,18.289
1985.9583,21.285
1986.0417,24.678
1986.1250,27.518
1986.2083,29.770
1986.2917,30.934
1986.3750,30.456
1986.4583,27.861
1986.5417,21.953
1986.6250,17.293
1986.7083,16.076
1986.7917,17.378
1986.8750,19.857
1986.9583,22.738
1987.0417,26.025
1987.1250,28.840
1987.2083,30.663
1987.2917,31.790
1987.3750,31.502
1987.4583,28.814
1987.5417,22.274
1987.6250,16.708
1987.7083,15.353
1987.7917,16.703
1987.8750,19.255
1987.9583,22.299
1988.0417,25.471
1988.1250,28.132
1988.2083,30.283
1988.2917,31.200
1988.3750,30.213
1988.4583,27.230
1988.5417,21.098
1988.6250,16.328
1988.7083,14.987
1988.7917,16.246
1988.8750,18.925
1988.9583,22.125
1989.0417,25.363
1989.1250,27.837
1989.2083,29.424
1989.2917,30.112
1989.3750,29.621
1989.4583,27.122
1989.5417,21.075
1989.6250,16.198
1989.7083,14.770
1989.7917,15.941
1989.8750,18.654
1989.9583,21.797
1990.0417,24.967
1990.1250,27.632
1990.2083,29.393
1990.2917,29.907
1990.3750,28.905
1990.4583,25.494
1990.5417,19.515
1990.6250,14.885
1990.7083,13.815
1990.7917,15.218
1990.8750,18.258
1990.9583,21.522
1991.0417,24.689
1991.1250,27.477
1991.2083,29.665
1991.2917,30.742
1991.3750,30.005
1991.4583,26.792
1991.5417,20.014
1991.6250,15.005
1991.7083,13.593
1991.7917,15.017
1991.8750,17.688
1991.9583,20.894
1992.0417,24.183
1992.1250,26.906
1992.2083,28.680
1992.2917,29.642
1992.3750,29.259
1992.4583,26.849
1992.5417,20.899
1992.6250,15.915
1992.7083,15.078
1992.7917,16.580
1992.8750,19.157
1992.9583,22.328
1993.0417,25.300
1993.1250,27.720
1993.2083,29.462
1993.2917,30.427
1993.3750,29.575
1993.4583,25.805
1993.5417,18.509
1993.6250,13.479
1993.7083,12.441
1993.7917,13.964
1993.8750,16.983
1993.9583,20.398
1994.0417,23.853
1994.1250,26.673
1994.2083,28.714
1994.2917,29.735
1994.3750,29.312
1994.4583,26.552
1994.5417,20.030
1994.6250,14.895
1994.7083,13.855
1994.7917,15.196
1994.8750,17.940
1994.9583,21.211
1995.0417,24.199
1995.1250,26.431
1995.2083,27.953
1995.2917,28.447
1995.3750,27.311
1995.4583,23.810
1995.5417,17.186
1995.6250,12.438
1995.7083,11.236
1995.7917,12.128
1995.8750,14.837
1995.9583,18.178
1996.0417,21.648
1996.1250,24.474
1996.2083,26.387
1996.2917,27.445
1996.3750,27.255
1996.4583,24.866
1996.5417,19.282
1996.6250,14.896
1996.7083,13.949
1996.7917,15.394
1996.8750,17.398
1996.9583,20.152
1997.0417,23.497
1997.1250,26.315
1997.2083,28.317
1997.2917,29.370
1997.3750,28.741
1997.4583,25.716
1997.5417,19.242
1997.6250,14.381
1997.7083,13.228
1997.7917,14.199
1997.8750,16.615
1997.9583,19.916
1998.0417,23.472
1998.1250,26.355
1998.2083,28.300
1998.2917,29.409
1998.3750,28.823
1998.4583,25.361
1998.5417,18.577
1998.6250,13.286
1998.7083,11.626
1998.7917,12.812
1998.8750,15.640
1998.9583,18.951
1999.0417,22.428
1999.1250,25.324
1999.2083,27.299
1999.2917,28.450
1999.3750,27.924
1999.4583,24.881
1999.5417,18.517
1999.6250,13.076
1999.7083,11.045
1999.7917,12.433
1999.8750,15.377
1999.9583,18.394
2000.0417,21.712
2000.1250,24.297
2000.2083,26.174
2000.2917,27.153
2000.3750,26.689
2000.4583,23.881
2000.5417,17.429
2000.6250,12.422
2000.7083,11.084
2000.7917,12.313
2000.8750,14.901
2000.9583,17.952
2001.0417,21.259
2001.1250,24.128
2001.2083,26.414
2001.2917,27.632
2001.3750,26.870
2001.4583,23.828
2001.5417,17.901
2001.6250,13.397
2001.7083,12.275
2001.7917,13.321
2001.8750,15.764
2001.9583,18.605
2002.0417,21.837
2002.1250,24.793
2002.2083,26.655
2002.2917,27.428
2002.3750,26.822
2002.4583,23.685
2002.5417,17.164
2002.6250,12.127
2002.7083,10.846
2002.7917,11.890
2002.8750,14.587
2002.9583,17.844
2003.0417,21.236
2003.1250,24.127
2003.2083,26.308
2003.2917,27.244
2003.3750,26.273
2003.4583,22.911
2003.5417,16.486
2003.6250,11.496
2003.7083,10.284
2003.7917,11.204
2003.8750,13.686
2003.9583,16.848
2004.0417,20.050
2004.1250,22.655
2004.2083,24.809
2004.2917,25.750
2004.3750,25.308
2004.4583,22.706
2004.5417,16.577
2004.6250,11.515
2004.7083,10.037
2004.7917,11.247
2004.8750,13.966
2004.9583,17.238
2005.0417,20.254
2005.1250,22.667
2005.2083,24.820
2005.2917,26.045
2005.3750,25.354
2005.4583,21.617
2005.5417,15.225
2005.6250,10.708
2005.7083,9.283
2005.7917,10.180
2005.8750,12.847
2005.9583,15.983
2006.0417,19.307
2006.1250,22.036
2006.2083,24.051
2006.2917,25.105
2006.3750,24.337
2006.4583,20.904
2006.5417,14.692
2006.6250,10.404
2006.7083,9.113
2006.7917,9.810
2006.8750,12.263
2006.9583,15.039
2007.0417,18.322
2007.1250,20.813
2007.2083,22.995
2007.2917,23.752
2007.3750,23.094
2007.4583,19.190
2007.5417,12.119
2007.6250,7.615
2007.7083,6.526
2007.7917,7.107
2007.8750,10.404
2007.9583,14.167
2008.0417,18.515
2008.1250,21.527
2008.2083,23.823
2008.2917,24.983
2008.3750,24.122
2008.4583,20.576
2008.5417,14.154
2008.6250,9.201
2008.7083,7.250
2008.7917,8.267
2008.8750,11.700
2008.9583,15.134
2009.0417,18.794
2009.1250,21.682
2009.2083,23.794
2009.2917,24.944
2009.3750,23.880
2009.4583,19.732
2009.5417,12.833
2009.6250,8.272
2009.7083,6.925
2009.7917,7.630
2009.8750,10.759
2009.9583,14.184
2010.0417,17.667
2010.1250,20.581
2010.2083,23.082
2010.2917,24.097
2010.3750,22.223
2010.4583,17.142
2010.5417,10.244
2010.6250,5.927
2010.7083,4.742
2010.7917,6.198
2010.8750,9.480
2010.9583,12.925
2011.0417,16.206
2011.1250,19.320
2011.2083,21.390
2011.2917,22.500
2011.3750,21.139
2011.4583,16.500
2011.5417,9.546
2011.6250,5.489
2011.7083,4.480
2011.7917,5.719
2011.8750,9.250
2011.9583,12.989
2012.0417,16.886
2012.1250,19.585
2012.2083,21.924
2012.2917,23.119
2012.3750,21.714
2012.4583,16.002
2012.5417,9.264
2012.6250,4.964
2012.7083,3.787
2012.7917,5.001
2012.8750,8.217
2012.9583,12.133
2013.0417,15.799
2013.1250,19.318
2013.2083,21.964
2013.2917,23.122
2013.3750,21.865
2013.4583,17.538
2013.5417,10.538
2013.6250,6.394
2013.7083,5.479
2013.7917,6.953
2013.8750,10.076
2013.9583,13.787
2014.0417,17.407
2014.1250,19.849
2014.2083,21.804
2014.2917,22.934
2014.3750,21.906
2014.4583,17.680
2014.5417,11.955
2014.6250,8.150
2014.7083,6.974
2014.7917,8.161
2014.8750,11.481
2014.9583,15.072
2015.0417,18.445
2015.1250,21.462
2015.2083,23.213
2015.2917,24.230
2015.3750,23.027
2015.4583,18.557
2015.5417,11.649
2015.6250,7.086
2015.7083,5.852
2015.7917,7.013
2015.8750,10.298
2015.9583,14.001
2016.0417,17.185
2016.1250,19.592
2016.2083,21.524
2016.2917,22.459
2016.3750,21.026
2016.4583,16.493
2016.5417,10.257
2016.6250,5.941
2016.7083,4.530
2016.7917,5.511
2016.8750,7.834
2016.9583,11.206
2017.0417,14.641
2017.1250,17.366
2017.2083,19.576
2017.2917,20.664
2017.3750,19.834
2017.4583,15.400
2017.5417,9.141
2017.6250,5.450
2017.7083,4.679
2017.7917,6.108
2017.8750,9.179
2017.9583,12.638
2018.0417,16.022
2018.1250,18.639
2018.2083,20.844
2018.2917,22.245
2018.3750,21.429
2018.4583,17.206
2018.5417,10.295
2018.6250,6.203
2018.7083,5.081
2018.7917,5.776
2018.8750,9.426
2018.9583,13.172
2019.0417,16.912
2019.1250,19.781
2019.2083,21.786
2019.2917,22.373
2019.3750,21.004
2019.4583,15.905
2019.5417,8.903
2019.6250,5.068
2019.7083,4.188
2019.7917,5.307
2019.8750,8.538
2019.9583,12.425
2020.0417,16.378
2020.1250,19.566
2020.2083,21.948
2020.2917,22.802
2020.3750,21.457
2020.4583,16.660
2020.5417,9.295
2020.6250,5.308
2020.7083,4.158
2020.7917,4.956
2020.8750,7.935
2020.9583,11.799
2021.0417,15.668
2021.1250,19.121
2021.2083,21.623
2021.2917,22.461
2021.3750,21.516
2021.4583,16.532
2021.5417,9.625
2021.6250,5.575
2021.7083,4.763
2021.7917,6.136
2021.8750,9.386
2021.9583,13.308
2022.0417,16.999
2022.1250,19.746
2022.2083,21.735
2022.2917,22.993
2022.3750,21.972
2022.4583,17.164
2022.5417,10.406
2022.6250,6.351
2022.7083,5.215
2022.7917,6.309
2022.8750,9.753
2022.9583,13.056
2023.0417,16.504
2023.1250,19.421
2023.2083,21.704
2023.2917,23.070
2023.3750,21.806
2023.4583,17.307
2023.5417,10.858
2023.6250,6.293
2023.7083,4.805
2023.7917,5.863
2023.8750,9.216
2023.9583,12.618
2024.0417,16.397
2024.1250,19.078
2024.2083,21.380
2024.2917,22.707
2024.3750,21.831
2024.4583,17.431
2024.5417,9.972
2024.6250,5.296
2024.7083,4.188
2024.7917,5.195
2024.8750,8.017
2024.9583,11.788
2025.0417,15.369
2025.1250,18.144
2025.2083,20.419
2025.2917,21.657
2025.3750,20.349
2025.4583,15.740
2025.5417,9.404
2025.6250,5.146
2025.7083,4.021
2025.7917,4.946
2025.8750,7.722
2025.9583,11.097
2026.0417,14.663
2026.1250,17.706
