year_frac,tsi,tsi_unc
1874.3750,1361.6241,0.1143
1874.4583,1361.6373,0.1125
1874.5417,1361.5775,0.1464
1874.6250,1361.7277,0.1402
1874.7083,1361.7626,0.1107
1874.7917,1361.5026,0.1112
1874.8750,1361.4076,0.1047
1874.9583,1361.5614,0.1009
1875.0417,1361.4756,0.0971
1875.1250,1361.3057,0.1008
1875.2083,1361.4615,0.1034
1875.2917,1361.4684,0.1050
1875.3750,1361.4165,0.0967
1875.4583,1361.2393,0.1025
1875.5417,1361.3600,0.0927
1875.6250,1361.3481,0.0932
1875.7083,1361.2649,0.0890
1875.7917,1361.2461,0.0913
1875.8750,1361.3066,0.0953
1875.9583,1361.3313,0.0929
1876.0417,1361.3245,0.0948
1876.1250,1361.2599,0.0964
1876.2083,1361.4165,0.1011
1876.2917,1361.3651,0.0931
1876.3750,1361.2657,0.0908
1876.4583,1361.2024,0.0884
1876.5417,1361.2844,0.0922
1876.6250,1361.3085,0.0924
1876.7083,1361.2722,0.0931
1876.7917,1361.3167,0.0953
1876.8750,1361.3245,0.0938
1876.9583,1361.2363,0.0938
1877.0417,1361.3514,0.0990
1877.1250,1361.3774,0.0961
1877.2083,1361.3575,0.0963
1877.2917,1361.3259,0.0962
1877.3750,1361.3927,0.0982
1877.4583,1361.3829,0.0977
1877.5417,1361.3278,0.0946
1877.6250,1361.2410,0.0927
1877.7083,1361.2937,0.0955
1877.7917,1361.2314,0.0948
1877.8750,1361.2092,0.0993
1877.9583,1361.2408,0.0932
1878.0417,1361.1820,0.0920
1878.1250,1361.1968,0.0927
1878.2083,1361.2250,0.0943
1878.2917,1361.1898,0.0923
1878.3750,1361.1667,0.0932
1878.4583,1361.2172,0.0942
1878.5417,1361.1783,0.0926
1878.6250,1361.1501,0.0921
1878.7083,1361.1506,0.0933
1878.7917,1361.1654,0.0927
1878.8750,1361.1786,0.0932
1878.9583,1361.1586,0.0921
1879.0417,1361.1490,0.0918
1879.1250,1361.1500,0.0917
1879.2083,1361.1417,0.0913
1879.2917,1361.1709,0.0932
1879.3750,1361.1934,0.0926
1879.4583,1361.2126,0.0933
1879.5417,1361.2281,0.0944
1879.6250,1361.2680,0.0951
1879.7083,1361.2614,0.0945
1879.7917,1361.2943,0.0962
1879.8750,1361.3147,0.0975
1879.9583,1361.3064,0.0960
1880.0417,1361.3472,0.1018
1880.1250,1361.4010,0.1065
1880.2083,1361.4897,0.1026
1880.2917,1361.4011,0.1027
1880.3750,1361.3285,0.1076
1880.4583,1361.4377,0.1143
1880.5417,1361.5526,0.1075
1880.6250,1361.4840,0.1248
1880.7083,1361.6204,0.1406
1880.7917,1361.8190,0.1247
1880.8750,1361.5790,0.1186
1880.9583,1361.4597,0.1141
1881.0417,1361.4385,0.1175
1881.1250,1361.6111,0.1258
1881.2083,1361.6802,0.1319
1881.2917,1361.8544,0.1286
1881.3750,1361.8345,0.1234
1881.4583,1361.8062,0.1350
1881.5417,1361.8505,0.1524
1881.6250,1361.9229,0.1415
1881.7083,1361.7530,0.1407
1881.7917,1361.7994,0.1369
1881.8750,1361.6891,0.1383
1881.9583,1361.7410,0.1296
1882.0417,1361.8722,0.1240
1882.1250,1361.8944,0.1387
1882.2083,1361.8065,0.1458
1882.2917,1361.7285,0.1900
1882.3750,1361.6750,0.1692
1882.4583,1361.8068,0.1316
1882.5417,1361.7526,0.1234
1882.6250,1361.5667,0.1229
1882.7083,1361.6033,0.1381
1882.7917,1361.5155,0.1562
1882.8750,1361.4313,0.1899
1882.9583,1361.9612,0.1244
1883.0417,1361.7456,0.1412
1883.1250,1361.6193,0.1320
1883.2083,1361.5964,0.1239
1883.2917,1361.6926,0.1595
1883.3750,1361.8710,0.1205
1883.4583,1361.5029,0.1690
1883.5417,1361.3911,0.1995
1883.6250,1361.9039,0.1335
1883.7083,1361.5700,0.1533
1883.7917,1361.5481,0.1826
1883.8750,1361.7324,0.1877
1883.9583,1361.8876,0.1737
1884.0417,1361.8618,0.1876
1884.1250,1361.9200,0.1820
1884.2083,1362.0139,0.1743
1884.2917,1361.6997,0.1784
1884.3750,1361.7472,0.1556
1884.4583,1361.8854,0.1282
1884.5417,1361.7930,0.1283
1884.6250,1361.6967,0.1297
1884.7083,1361.5476,0.1440
1884.7917,1361.5165,0.1377
1884.8750,1361.7010,0.1174
1884.9583,1361.4554,0.1314
1885.0417,1361.6342,0.1191
1885.1250,1361.6602,0.1490
1885.2083,1361.7730,0.1353
1885.2917,1361.7161,0.1395
1885.3750,1361.7501,0.1498
1885.4583,1361.5282,0.1866
1885.5417,1361.8239,0.1526
1885.6250,1361.8185,0.1279
1885.7083,1361.5535,0.1194
1885.7917,1361.4374,0.1165
1885.8750,1361.4645,0.1065
1885.9583,1361.4838,0.0991
1886.0417,1361.3687,0.1085
1886.1250,1361.4749,0.1023
1886.2083,1361.3962,0.1351
1886.2917,1361.6357,0.1183
1886.3750,1361.4458,0.1154
1886.4583,1361.4446,0.1021
1886.5417,1361.3579,0.1024
1886.6250,1361.4166,0.0924
1886.7083,1361.3514,0.0927
1886.7917,1361.3053,0.0868
1886.8750,1361.2065,0.0825
1886.9583,1361.1570,0.0858
1887.0417,1361.2504,0.0853
1887.1250,1361.3286,0.0872
1887.2083,1361.2770,0.0845
1887.2917,1361.2435,0.0840
1887.3750,1361.2758,0.0907
1887.4583,1361.2683,0.0912
1887.5417,1361.3368,0.0946
1887.6250,1361.4225,0.0929
1887.7083,1361.2749,0.0869
1887.7917,1361.2307,0.0835
1887.8750,1361.2150,0.0823
1887.9583,1361.0874,0.0965
1888.0417,1361.3170,0.0869
1888.1250,1361.2605,0.0844
1888.2083,1361.2194,0.0830
1888.2917,1361.2125,0.0810
1888.3750,1361.1401,0.0827
1888.4583,1361.2230,0.0815
1888.5417,1361.2023,0.0803
1888.6250,1361.1686,0.0797
1888.7083,1361.1913,0.0818
1888.7917,1361.1936,0.0795
1888.8750,1361.1292,0.0838
1888.9583,1361.2207,0.0818
1889.0417,1361.1993,0.0793
1889.1250,1361.2028,0.0801
1889.2083,1361.2251,0.0803
1889.2917,1361.2126,0.0799
1889.3750,1361.2125,0.0794
1889.4583,1361.1095,0.0816
1889.5417,1361.1788,0.0817
1889.6250,1361.2640,0.0880
1889.7083,1361.2845,0.0829
1889.7917,1361.2211,0.0793
1889.8750,1361.1373,0.0764
1889.9583,1361.1620,0.0780
1890.0417,1361.1987,0.0785
1890.1250,1361.1836,0.0774
1890.2083,1361.1718,0.0781
1890.2917,1361.1658,0.0769
1890.3750,1361.1897,0.0777
1890.4583,1361.1875,0.0774
1890.5417,1361.2192,0.0810
1890.6250,1361.2017,0.0830
1890.7083,1361.2677,0.0860
1890.7917,1361.2349,0.0851
1890.8750,1361.2183,0.0842
1890.9583,1361.2655,0.0820
1891.0417,1361.2365,0.0847
1891.1250,1361.3297,0.0908
1891.2083,1361.3776,0.0875
1891.2917,1361.3596,0.0947
1891.3750,1361.4610,0.1077
1891.4583,1361.6102,0.1163
1891.5417,1361.6624,0.1340
1891.6250,1361.7080,0.1124
1891.7083,1361.3885,0.1398
1891.7917,1361.7050,0.1216
1891.8750,1361.6427,0.1194
1891.9583,1361.5829,0.1111
1892.0417,1361.5837,0.1420
1892.1250,1361.4420,0.1829
1892.2083,1361.8789,0.1324
1892.2917,1361.8516,0.1456
1892.3750,1361.7029,0.1733
1892.4583,1362.0127,0.1566
1892.5417,1361.5663,0.1896
1892.6250,1362.0283,0.1795
1892.7083,1362.0050,0.1495
1892.7917,1361.9495,0.1488
1892.8750,1361.8500,0.1450
1892.9583,1361.9933,0.1486
1893.0417,1361.8360,0.1606
1893.1250,1361.8505,0.1596
1893.2083,1361.9290,0.1476
1893.2917,1361.9735,0.1652
1893.3750,1362.1267,0.1665
1893.4583,1362.0596,0.1789
1893.5417,1361.9438,0.1844
1893.6250,1361.8955,0.2340
1893.7083,1361.9067,0.1944
1893.7917,1361.9210,0.1765
1893.8750,1361.7747,0.1700
1893.9583,1361.5864,0.1997
1894.0417,1361.8641,0.1823
1894.1250,1361.9363,0.1774
1894.2083,1362.0400,0.1402
1894.2917,1361.6804,0.1803
1894.3750,1361.8508,0.1943
1894.4583,1361.8930,0.2019
1894.5417,1362.0898,0.1998
1894.6250,1361.9692,0.1670
1894.7083,1362.0266,0.1411
1894.7917,1361.6954,0.1595
1894.8750,1361.9358,0.1332
1894.9583,1361.7100,0.1427
1895.0417,1361.7380,0.1427
1895.1250,1361.8224,0.1436
1895.2083,1361.7683,0.1484
1895.2917,1361.8630,0.1518
1895.3750,1361.9114,0.1457
1895.4583,1361.7771,0.1546
1895.5417,1361.9581,0.1281
1895.6250,1361.5223,0.1634
1895.7083,1361.7283,0.1387
1895.7917,1361.5889,0.1580
1895.8750,1361.7227,0.1308
1895.9583,1361.6835,0.1458
1896.0417,1361.7654,0.1140
1896.1250,1361.5573,0.1317
1896.2083,1361.7456,0.1241
1896.2917,1361.7452,0.1201
1896.3750,1361.6233,0.1081
1896.4583,1361.4114,0.1266
1896.5417,1361.6250,0.1176
1896.6250,1361.5997,0.1089
1896.7083,1361.3735,0.1460
1896.7917,1361.6366,0.1114
1896.8750,1361.5253,0.1174
1896.9583,1361.5133,0.1184
1897.0417,1361.1328,0.1480
1897.1250,1361.2203,0.1253
1897.2083,1361.3969,0.1095
1897.2917,1361.4373,0.1062
1897.3750,1361.3033,0.1050
1897.4583,1361.3258,0.0969
1897.5417,1361.4067,0.1000
1897.6250,1361.2860,0.1037
1897.7083,1361.4142,0.1215
1897.7917,1361.5476,0.1021
1897.8750,1361.3829,0.0960
1897.9583,1361.2092,0.1143
1898.0417,1361.4082,0.1074
1898.1250,1361.4138,0.1158
1898.2083,1361.4248,0.1200
1898.2917,1361.4664,0.1021
1898.3750,1361.4277,0.1029
1898.4583,1361.4658,0.1000
1898.5417,1361.3812,0.0972
1898.6250,1361.3220,0.1101
1898.7083,1361.2020,0.1234
1898.7917,1361.3842,0.1181
1898.8750,1361.5017,0.1101
1898.9583,1361.3595,0.1003
1899.0417,1361.3097,0.0997
1899.1250,1361.2819,0.0948
1899.2083,1361.2386,0.0992
1899.2917,1361.2977,0.0974
1899.3750,1361.2770,0.0947
1899.4583,1361.2616,0.0990
1899.5417,1361.2821,0.0982
1899.6250,1361.2660,0.0940
1899.7083,1361.2203,0.0937
1899.7917,1361.2377,0.0956
1899.8750,1361.2827,0.0954
1899.9583,1361.2789,0.0959
1900.0417,1361.2603,0.0957
1900.1250,1361.2823,0.0978
1900.2083,1361.2397,0.0969
1900.2917,1361.3055,0.0985
1900.3750,1361.2998,0.0997
1900.4583,1361.2821,0.0982
1900.5417,1361.2689,0.0964
1900.6250,1361.2160,0.0946
1900.7083,1361.2244,0.0951
1900.7917,1361.2158,0.0971
1900.8750,1361.2234,0.0951
1900.9583,1361.1696,0.0936
1901.0417,1361.1259,0.0927
1901.1250,1361.1332,0.0930
1901.2083,1361.1776,0.0945
1901.2917,1361.1517,0.0937
1901.3750,1361.0997,0.0977
1901.4583,1361.2000,0.0961
1901.5417,1361.1776,0.0948
1901.6250,1361.1493,0.0943
1901.7083,1361.1207,0.0937
1901.7917,1361.1470,0.0947
1901.8750,1361.1567,0.0955
1901.9583,1361.1577,0.0950
1902.0417,1361.1195,0.0965
1902.1250,1361.1487,0.0948
1902.2083,1361.1624,0.0993
1902.2917,1361.1814,0.0957
1902.3750,1361.1421,0.0952
1902.4583,1361.1425,0.0947
1902.5417,1361.1528,0.0949
1902.6250,1361.1647,0.0953
1902.7083,1361.1800,0.0968
1902.7917,1361.2413,0.1006
1902.8750,1361.2688,0.1009
1902.9583,1361.2339,0.0972
1903.0417,1361.2422,0.0980
1903.1250,1361.2970,0.1011
1903.2083,1361.2887,0.1020
1903.2917,1361.3611,0.1090
1903.3750,1361.4443,0.1049
1903.4583,1361.3595,0.1036
1903.5417,1361.3890,0.1083
1903.6250,1361.5691,0.1106
1903.7083,1361.4764,0.1062
1903.7917,1361.1287,0.1360
1903.8750,1361.3916,0.1336
1903.9583,1361.6619,0.1265
1904.0417,1361.5990,0.1188
1904.1250,1361.4359,0.1139
1904.2083,1361.5160,0.1159
1904.2917,1361.3512,0.1355
1904.3750,1361.7600,0.1204
1904.4583,1361.7098,0.1228
1904.5417,1361.6865,0.1279
1904.6250,1361.7767,0.1333
1904.7083,1361.7931,0.1210
1904.7917,1361.6464,0.1320
1904.8750,1361.7468,0.1245
1904.9583,1361.6658,0.1382
1905.0417,1361.5536,0.1478
1905.1250,1361.3143,0.2077
1905.2083,1361.5486,0.1694
1905.2917,1361.8126,0.1299
1905.3750,1361.5789,0.1339
1905.4583,1361.5924,0.1339
1905.5417,1361.4949,0.1739
1905.6250,1361.7316,0.1565
1905.7083,1361.9170,0.1444
1905.7917,1361.2231,0.2116
1905.8750,1361.6859,0.2057
1905.9583,1362.0145,0.1494
1906.0417,1361.7266,0.1412
1906.1250,1361.5997,0.1223
1906.2083,1361.4901,0.1486
1906.2917,1361.8264,0.1408
1906.3750,1361.6749,0.1526
1906.4583,1361.8798,0.1445
1906.5417,1361.8373,0.1871
1906.6250,1361.8768,0.1421
1906.7083,1361.8752,0.1365
1906.7917,1361.7004,0.1159
1906.8750,1361.5044,0.1267
1906.9583,1361.5471,0.1514
1907.0417,1361.7606,0.1641
1907.1250,1361.5074,0.2367
1907.2083,1362.0707,0.1547
1907.2917,1361.8335,0.1408
1907.3750,1361.6190,0.1306
1907.4583,1361.3536,0.1389
1907.5417,1361.5167,0.1395
1907.6250,1361.7252,0.1387
1907.7083,1361.7048,0.1725
1907.7917,1361.7790,0.1617
1907.8750,1361.7050,0.1543
1907.9583,1361.4984,0.1455
1908.0417,1361.6599,0.1250
1908.1250,1361.6555,0.1178
1908.2083,1361.5768,0.1146
1908.2917,1361.5885,0.1323
1908.3750,1361.7762,0.1287
1908.4583,1361.6876,0.1378
1908.5417,1361.7776,0.1260
1908.6250,1361.4039,0.1904
1908.7083,1361.6770,0.1927
1908.7917,1361.9318,0.1309
1908.8750,1361.5244,0.1364
1908.9583,1361.5167,0.1257
1909.0417,1361.3534,0.1532
1909.1250,1361.6383,0.1363
1909.2083,1361.6417,0.1507
1909.2917,1361.6354,0.1262
1909.3750,1361.5084,0.1217
1909.4583,1361.4579,0.1114
1909.5417,1361.3889,0.1220
1909.6250,1361.5784,0.1120
1909.7083,1361.4507,0.1255
1909.7917,1361.5825,0.1400
1909.8750,1361.6660,0.1411
1909.9583,1361.6809,0.1418
1910.0417,1361.5393,0.1183
1910.1250,1361.2991,0.1221
1910.2083,1361.3916,0.1085
1910.2917,1361.3380,0.1020
1910.3750,1361.2604,0.1068
1910.4583,1361.3408,0.1022
1910.5417,1361.3241,0.1045
1910.6250,1361.2840,0.1033
1910.7083,1361.2883,0.1088
1910.7917,1361.3827,0.1190
1910.8750,1361.3999,0.1033
1910.9583,1361.2699,0.0998
1911.0417,1361.1753,0.0973
1911.1250,1361.1967,0.0985
1911.2083,1361.2284,0.0994
1911.2917,1361.2350,0.1034
1911.3750,1361.2750,0.1008
1911.4583,1361.2115,0.0979
1911.5417,1361.1770,0.0969
1911.6250,1361.1656,0.0968
1911.7083,1361.1685,0.0974
1911.7917,1361.1792,0.0970
1911.8750,1361.1534,0.0970
1911.9583,1361.1687,0.0966
1912.0417,1361.1550,0.0961
1912.1250,1361.1436,0.0959
1912.2083,1361.1549,0.0971
1912.2917,1361.1743,0.0978
1912.3750,1361.2037,0.0977
1912.4583,1361.1761,0.0978
1912.5417,1361.1900,0.0972
1912.6250,1361.1609,0.0964
1912.7083,1361.2040,0.0983
1912.7917,1361.2008,0.0984
1912.8750,1361.1924,0.0972
1912.9583,1361.1619,0.0980
1913.0417,1361.1790,0.0970
1913.1250,1361.1737,0.0970
1913.2083,1361.1536,0.0962
1913.2917,1361.1453,0.0961
1913.3750,1361.1384,0.0959
1913.4583,1361.1330,0.0958
1913.5417,1361.1464,0.0962
1913.6250,1361.1478,0.0962
1913.7083,1361.1542,0.0964
1913.7917,1361.1674,0.0968
1913.8750,1361.1643,0.0964
1913.9583,1361.1733,0.0967
1914.0417,1361.2014,0.0970
1914.1250,1361.1915,0.0967
1914.2083,1361.1907,0.0965
1914.2917,1361.1870,0.1022
1914.3750,1361.2766,0.0989
1914.4583,1361.2355,0.1004
1914.5417,1361.2407,0.0975
1914.6250,1361.1311,0.1001
1914.7083,1361.1777,0.1021
1914.7917,1361.3063,0.0989
1914.8750,1361.3370,0.1026
1914.9583,1361.3930,0.1075
1915.0417,1361.4298,0.1089
1915.1250,1361.4530,0.1213
1915.2083,1361.6492,0.1199
1915.2917,1361.4757,0.1370
1915.3750,1361.6310,0.1245
1915.4583,1361.5856,0.1487
1915.5417,1361.6578,0.1603
1915.6250,1361.9187,0.1563
1915.7083,1361.8031,0.1402
1915.7917,1361.7172,0.1322
1915.8750,1361.7368,0.1220
1915.9583,1361.6825,0.1177
1916.0417,1361.6960,0.1265
1916.1250,1361.7098,0.1343
1916.2083,1361.7730,0.1478
1916.2917,1361.9955,0.1489
1916.3750,1361.8237,0.1603
1916.4583,1361.7640,0.1553
1916.5417,1361.8596,0.1355
1916.6250,1361.7766,0.1214
1916.7083,1361.7048,0.1222
1916.7917,1361.6064,0.1325
1916.8750,1361.9031,0.1390
1916.9583,1361.8834,0.1388
1917.0417,1361.8208,0.1561
1917.1250,1361.6605,0.1787
1917.2083,1362.1598,0.1727
1917.2917,1362.2158,0.1659
1917.3750,1362.2186,0.2022
1917.4583,1362.3381,0.2126
1917.5417,1362.4172,0.2142
1917.6250,1362.1058,0.2860
1917.7083,1362.5994,0.2298
1917.7917,1362.4226,0.1744
1917.8750,1362.1974,0.1750
1917.9583,1361.8901,0.2336
1918.0417,1362.0847,0.2000
1918.1250,1362.2183,0.1584
1918.2083,1361.9873,0.1528
1918.2917,1361.9664,0.1564
1918.3750,1362.1207,0.1579
1918.4583,1362.1075,0.1448
1918.5417,1362.0474,0.1812
1918.6250,1361.9673,0.1980
1918.7083,1362.2068,0.1614
1918.7917,1361.9984,0.1707
1918.8750,1362.0198,0.1642
1918.9583,1361.7893,0.1525
1919.0417,1361.7882,0.1329
1919.1250,1361.6238,0.1683
1919.2083,1361.7777,0.1586
1919.2917,1361.8538,0.1386
1919.3750,1361.6206,0.1859
1919.4583,1361.8641,0.2017
1919.5417,1362.1047,0.1521
1919.6250,1361.6517,0.1669
1919.7083,1361.6223,0.1423
1919.7917,1361.6583,0.1302
1919.8750,1361.5580,0.1281
1919.9583,1361.6888,0.1128
1920.0417,1361.2184,0.1452
1920.1250,1361.6831,0.1220
1920.2083,1361.4464,0.1616
1920.2917,1361.6401,0.1082
1920.3750,1361.5453,0.1051
1920.4583,1361.4446,0.1090
1920.5417,1361.4783,0.1048
1920.6250,1361.4990,0.0979
1920.7083,1361.2506,0.1146
1920.7917,1361.5660,0.1166
1920.8750,1361.4406,0.1112
1920.9583,1361.4618,0.1057
1921.0417,1361.4209,0.1051
1921.1250,1361.4761,0.1006
1921.2083,1361.4163,0.1014
1921.2917,1361.4836,0.1038
1921.3750,1361.2888,0.1051
1921.4583,1361.4395,0.1041
1921.5417,1361.4718,0.1136
1921.6250,1361.4694,0.0991
1921.7083,1361.3372,0.0941
1921.7917,1361.2659,0.0925
1921.8750,1361.1792,0.0968
1921.9583,1361.2872,0.0980
1922.0417,1361.3804,0.0893
1922.1250,1361.2815,0.0990
1922.2083,1361.1821,0.1410
1922.2917,1361.5211,0.0936
1922.3750,1361.2708,0.0863
1922.4583,1361.1909,0.0805
1922.5417,1361.1664,0.0823
1922.6250,1361.2206,0.0818
1922.7083,1361.2124,0.0811
1922.7917,1361.2211,0.0808
1922.8750,1361.1693,0.0816
1922.9583,1361.0708,0.0928
1923.0417,1361.2516,0.0819
1923.1250,1361.1923,0.0788
1923.2083,1361.1580,0.0779
1923.2917,1361.1815,0.0787
1923.3750,1361.1843,0.0782
1923.4583,1361.2007,0.0805
1923.5417,1361.2148,0.0793
1923.6250,1361.1868,0.0779
1923.7083,1361.2017,0.0812
1923.7917,1361.2468,0.0823
1923.8750,1361.2571,0.0822
1923.9583,1361.2147,0.0790
1924.0417,1361.1573,0.0767
1924.1250,1361.1528,0.0783
1924.2083,1361.2009,0.0785
1924.2917,1361.2217,0.0830
1924.3750,1361.3252,0.0879
1924.4583,1361.3529,0.0948
1924.5417,1361.4550,0.0970
1924.6250,1361.3428,0.0939
1924.7083,1361.3444,0.0951
1924.7917,1361.3352,0.0951
1924.8750,1361.2539,0.0976
1924.9583,1361.3657,0.0878
1925.0417,1361.3312,0.0830
1925.1250,1361.3115,0.0913
1925.2083,1361.3816,0.0903
1925.2917,1361.5272,0.0967
1925.3750,1361.4834,0.1124
1925.4583,1361.6890,0.1169
1925.5417,1361.7079,0.1122
1925.6250,1361.6420,0.1096
1925.7083,1361.7814,0.1249
1925.7917,1361.7036,0.1528
1925.8750,1361.5350,0.1621
1925.9583,1360.9612,0.2710
1926.0417,1361.2942,0.2148
1926.1250,1361.5765,0.1794
1926.2083,1361.6508,0.1546
1926.2917,1361.8228,0.1147
1926.3750,1361.5641,0.1413
1926.4583,1361.6482,0.1530
1926.5417,1361.8079,0.1357
1926.6250,1361.8555,0.1332
1926.7083,1361.6005,0.1481
1926.7917,1361.6854,0.1580
1926.8750,1362.0303,0.1362
1926.9583,1361.7714,0.1677
1927.0417,1361.6421,0.1874
1927.1250,1362.0010,0.1777
1927.2083,1362.1466,0.1483
1927.2917,1361.9412,0.1694
1927.3750,1362.0614,0.1511
1927.4583,1361.8927,0.1406
1927.5417,1361.8075,0.1347
1927.6250,1361.6256,0.1328
1927.7083,1361.6506,0.1447
1927.7917,1361.9001,0.1332
1927.8750,1361.8091,0.1470
1927.9583,1361.8906,0.1244
1928.0417,1361.6761,0.1716
1928.1250,1361.9255,0.1534
1928.2083,1361.8365,0.1772
1928.2917,1362.0005,0.1711
1928.3750,1361.9734,0.1682
1928.4583,1361.9706,0.1764
1928.5417,1361.8024,0.2002
1928.6250,1361.9998,0.1709
1928.7083,1361.5138,0.2147
1928.7917,1361.8912,0.1464
1928.8750,1361.7871,0.1311
1928.9583,1361.6077,0.1414
1929.0417,1361.7001,0.1432
1929.1250,1361.8435,0.1339
1929.2083,1361.6354,0.1381
1929.2917,1361.6832,0.1341
1929.3750,1361.7211,0.1330
1929.4583,1361.7275,0.1458
1929.5417,1361.8448,0.1456
1929.6250,1361.9867,0.1366
1929.7083,1361.9528,0.1156
1929.7917,1361.3795,0.1540
1929.8750,1361.1398,0.2126
1929.9583,1361.1484,0.2674
1930.0417,1361.9747,0.1515
1930.1250,1361.9122,0.1283
1930.2083,1361.5493,0.1148
1930.2917,1361.4604,0.1071
1930.3750,1361.4884,0.1030
1930.4583,1361.5588,0.0977
1930.5417,1361.5498,0.0918
1930.6250,1361.4492,0.0928
1930.7083,1361.5015,0.0977
1930.7917,1361.3520,0.1102
1930.8750,1361.4393,0.1080
1930.9583,1361.5966,0.0955
1931.0417,1361.4769,0.0887
1931.1250,1361.2970,0.1141
1931.2083,1361.4279,0.1035
1931.2917,1361.5295,0.0987
1931.3750,1361.4846,0.0933
1931.4583,1361.4097,0.0868
1931.5417,1361.4142,0.0851
1931.6250,1361.3740,0.0826
1931.7083,1361.3949,0.0844
1931.7917,1361.3480,0.0815
1931.8750,1361.3054,0.0862
1931.9583,1361.3511,0.0859
1932.0417,1361.3597,0.0826
1932.1250,1361.3224,0.0823
1932.2083,1361.3215,0.0819
1932.2917,1361.2484,0.0826
1932.3750,1361.2594,0.0857
1932.4583,1361.3258,0.0888
1932.5417,1361.3862,0.0829
1932.6250,1361.3005,0.0793
1932.7083,1361.2557,0.0762
1932.7917,1361.2592,0.0775
1932.8750,1361.2976,0.0792
1932.9583,1361.2406,0.0817
1933.0417,1361.3029,0.0817
1933.1250,1361.1592,0.0966
1933.2083,1361.3379,0.0824
1933.2917,1361.2823,0.0769
1933.3750,1361.2194,0.0747
1933.4583,1361.2208,0.0753
1933.5417,1361.2325,0.0748
1933.6250,1361.2115,0.0740
1933.7083,1361.2197,0.0747
1933.7917,1361.2117,0.0749
1933.8750,1361.2236,0.0743
1933.9583,1361.2040,0.0736
1934.0417,1361.2147,0.0743
1934.1250,1361.2764,0.0768
1934.2083,1361.2880,0.0763
1934.2917,1361.2106,0.0813
1934.3750,1361.2959,0.0851
1934.4583,1361.3297,0.0795
1934.5417,1361.3091,0.0784
1934.6250,1361.2840,0.0773
1934.7083,1361.2815,0.0753
1934.7917,1361.2999,0.0758
1934.8750,1361.3007,0.0772
1934.9583,1361.3716,0.0814
1935.0417,1361.3689,0.0849
1935.1250,1361.4528,0.0858
1935.2083,1361.5022,0.0886
1935.2917,1361.4672,0.0847
1935.3750,1361.4498,0.0922
1935.4583,1361.5055,0.1088
1935.5417,1361.6178,0.1045
1935.6250,1361.6604,0.1000
1935.7083,1361.6958,0.1070
1935.7917,1361.6924,0.1219
1935.8750,1361.4869,0.1579
1935.9583,1361.5392,0.1636
1936.0417,1361.5604,0.1669
1936.1250,1361.8718,0.1475
1936.2083,1361.9874,0.1476
1936.2917,1362.0304,0.1493
1936.3750,1362.0550,0.1264
1936.4583,1361.9702,0.1361
1936.5417,1361.9808,0.1242
1936.6250,1362.0924,0.1501
1936.7083,1362.2705,0.1484
1936.7917,1362.2734,0.1657
1936.8750,1362.0850,0.2200
1936.9583,1362.4380,0.2114
1937.0417,1362.2781,0.2405
1937.1250,1362.4003,0.2341
1937.2083,1362.5068,0.1798
1937.2917,1361.9177,0.2304
1937.3750,1362.0651,0.2280
1937.4583,1362.0026,0.2597
1937.5417,1361.9668,0.3029
1937.6250,1362.5049,0.2490
1937.7083,1362.5421,0.1925
1937.7917,1361.8901,0.2528
1937.8750,1362.3580,0.1580
1937.9583,1362.0724,0.1693
1938.0417,1361.7216,0.2122
1938.1250,1362.2441,0.2078
1938.2083,1362.2229,0.1848
1938.2917,1361.9482,0.2190
1938.3750,1362.1482,0.2374
1938.4583,1362.4207,0.1876
1938.5417,1362.0298,0.2970
1938.6250,1362.7466,0.2049
1938.7083,1362.2311,0.1986
1938.7917,1361.9177,0.2053
1938.8750,1361.7748,0.2406
1938.9583,1362.0228,0.1965
1939.0417,1362.1480,0.1636
1939.1250,1362.1438,0.1551
1939.2083,1362.1400,0.1406
1939.2917,1361.8247,0.2059
1939.3750,1362.3242,0.1997
1939.4583,1362.5869,0.1795
1939.5417,1362.0033,0.2132
1939.6250,1361.7255,0.2308
1939.7083,1361.4187,0.2691
1939.7917,1361.8701,0.1972
1939.8750,1361.8829,0.1557
1939.9583,1361.8646,0.1158
1940.0417,1361.4419,0.1382
1940.1250,1361.6450,0.1311
1940.2083,1361.7417,0.1633
1940.2917,1362.1221,0.1301
1940.3750,1361.9480,0.1281
1940.4583,1361.8423,0.1596
1940.5417,1362.0586,0.1379
1940.6250,1361.7765,0.2024
1940.7083,1362.1078,0.1473
1940.7917,1361.7780,0.1373
1940.8750,1361.8615,0.1205
1940.9583,1361.8274,0.1301
1941.0417,1361.8898,0.1124
1941.1250,1361.7655,0.1085
1941.2083,1361.7325,0.1074
1941.2917,1361.6956,0.0979
1941.3750,1361.7290,0.0949
1941.4583,1361.6400,0.1217
1941.5417,1361.7701,0.1364
1941.6250,1361.8809,0.1323
1941.7083,1361.6176,0.1521
1941.7917,1361.6304,0.1242
1941.8750,1361.6536,0.1076
1941.9583,1361.6709,0.0987
1942.0417,1361.6547,0.0986
1942.1250,1361.4701,0.1256
1942.2083,1361.5841,0.1243
1942.2917,1361.6280,0.1293
1942.3750,1361.7296,0.0945
1942.4583,1361.5140,0.0800
1942.5417,1361.3557,0.0771
1942.6250,1361.3837,0.0785
1942.7083,1361.4764,0.0778
1942.7917,1361.4357,0.0793
1942.8750,1361.3792,0.0930
1942.9583,1361.5371,0.0852
1943.0417,1361.4908,0.0774
1943.1250,1361.2454,0.0946
1943.2083,1361.3126,0.0935
1943.2917,1361.2516,0.1009
1943.3750,1361.4296,0.0790
1943.4583,1361.3784,0.0717
1943.5417,1361.2623,0.0737
1943.6250,1361.3930,0.0753
1943.7083,1361.3510,0.0745
1943.7917,1361.2590,0.0735
1943.8750,1361.2963,0.0705
1943.9583,1361.2910,0.0768
1944.0417,1361.3379,0.0691
1944.1250,1361.2660,0.0659
1944.2083,1361.2369,0.0689
1944.2917,1361.2561,0.0654
1944.3750,1361.2621,0.0658
1944.4583,1361.2762,0.0670
1944.5417,1361.2997,0.0674
1944.6250,1361.3813,0.0728
1944.7083,1361.3663,0.0764
1944.7917,1361.4446,0.0772
1944.8750,1361.3627,0.0748
1944.9583,1361.3215,0.0873
1945.0417,1361.5011,0.0798
1945.1250,1361.5096,0.0779
1945.2083,1361.3097,0.0878
1945.2917,1361.4315,0.0951
1945.3750,1361.6438,0.0903
1945.4583,1361.6227,0.0941
1945.5417,1361.6697,0.1029
1945.6250,1361.6858,0.0942
1945.7083,1361.6416,0.0970
1945.7917,1361.6066,0.1318
1945.8750,1361.9934,0.1087
1945.9583,1361.8046,0.1015
1946.0417,1361.4619,0.1288
1946.1250,1361.0022,0.2332
1946.2083,1361.9548,0.1574
1946.2917,1362.0468,0.1597
1946.3750,1362.1707,0.1626
1946.4583,1362.2638,0.1417
1946.5417,1361.4670,0.2581
1946.6250,1362.0465,0.2236
1946.7083,1362.1503,0.2018
1946.7917,1362.3269,0.1832
1946.8750,1362.2682,0.2116
1946.9583,1362.0443,0.2463
1947.0417,1362.0458,0.2250
1947.1250,1361.7283,0.2665
1947.2083,1361.4303,0.3041
1947.2917,1361.4637,0.3244
1947.3750,1362.0767,0.3284
1947.4583,1362.9904,0.2336
1947.5417,1362.5444,0.2566
1947.6250,1362.2014,0.3044
1947.7083,1362.7733,0.2406
1947.7917,1362.4921,0.2528
1947.8750,1362.4045,0.2019
1947.9583,1362.1108,0.1931
1948.0417,1362.4238,0.1659
1948.1250,1362.2975,0.1580
1948.2083,1362.1412,0.1664
1948.2917,1361.8246,0.2936
1948.3750,1362.2183,0.2909
1948.4583,1362.5144,0.2693
1948.5417,1362.6608,0.2218
1948.6250,1362.4540,0.2306
1948.7083,1362.4044,0.2179
1948.7917,1362.4250,0.2045
1948.8750,1362.4668,0.1683
1948.9583,1361.8416,0.2428
1949.0417,1362.0123,0.2195
1949.1250,1361.6407,0.3262
1949.2083,1362.0219,0.2862
1949.2917,1362.6006,0.2170
1949.3750,1362.4550,0.1792
1949.4583,1362.2051,0.1910
1949.5417,1362.1616,0.2014
1949.6250,1361.9465,0.2254
1949.7083,1362.1908,0.2312
1949.7917,1362.2595,0.2134
1949.8750,1362.1250,0.2285
1949.9583,1362.3190,0.1891
1950.0417,1362.1439,0.1734
1950.1250,1361.7435,0.1939
1950.2083,1361.9819,0.1757
1950.2917,1361.5767,0.2277
1950.3750,1362.0938,0.1782
1950.4583,1362.0475,0.1478
1950.5417,1361.8904,0.1519
1950.6250,1361.8701,0.1482
1950.7083,1361.9282,0.1143
1950.7917,1361.7960,0.1132
1950.8750,1361.6483,0.1182
1950.9583,1361.7068,0.1133
1951.0417,1361.6259,0.1233
1951.1250,1361.8552,0.1176
1951.2083,1361.7572,0.1238
1951.2917,1361.5130,0.1752
1951.3750,1361.1422,0.2480
1951.4583,1361.4565,0.2235
1951.5417,1362.0287,0.1325
1951.6250,1361.8485,0.1224
1951.7083,1361.7087,0.1365
1951.7917,1361.6986,0.1167
1951.8750,1361.6842,0.1108
1951.9583,1361.5325,0.1075
1952.0417,1361.5629,0.0989
1952.1250,1361.4733,0.0882
1952.2083,1361.4598,0.0817
1952.2917,1361.4447,0.0871
1952.3750,1361.5026,0.0847
1952.4583,1361.5060,0.0930
1952.5417,1361.4337,0.1019
1952.6250,1361.5742,0.1082
1952.7083,1361.6304,0.0939
1952.7917,1361.4473,0.0887
1952.8750,1361.2700,0.0882
1952.9583,1361.3510,0.0896
1953.0417,1361.4610,0.0869
1953.1250,1361.4220,0.0763
1953.2083,1361.3310,0.0742
1953.2917,1361.2530,0.0858
1953.3750,1361.3883,0.0787
1953.4583,1361.3853,0.0814
1953.5417,1361.3580,0.0756
1953.6250,1361.3219,0.0808
1953.7083,1361.3926,0.0788
1953.7917,1361.3629,0.0749
1953.8750,1361.2706,0.0707
1953.9583,1361.2250,0.0691
1954.0417,1361.2688,0.0718
1954.1250,1361.2680,0.0720
1954.2083,1361.1941,0.0746
1954.2917,1361.2755,0.0723
1954.3750,1361.2675,0.0720
1954.4583,1361.2582,0.0717
1954.5417,1361.2548,0.0717
1954.6250,1361.2565,0.0726
1954.7083,1361.2999,0.0730
1954.7917,1361.3286,0.0742
1954.8750,1361.3148,0.0745
1954.9583,1361.3097,0.0756
1955.0417,1361.2178,0.0850
1955.1250,1361.3527,0.0809
1955.2083,1361.4095,0.0775
1955.2917,1361.3977,0.0778
1955.3750,1361.3247,0.0822
1955.4583,1361.3460,0.0879
1955.5417,1361.4980,0.0850
1955.6250,1361.3887,0.0952
1955.7083,1361.5599,0.0931
1955.7917,1361.4622,0.1147
1955.8750,1361.4468,0.1451
1955.9583,1361.7933,0.1336
1956.0417,1361.6981,0.1555
1956.1250,1361.3638,0.2221
1956.2083,1361.9045,0.1720
1956.2917,1362.1929,0.1561
1956.3750,1361.7933,0.1948
1956.4583,1361.9967,0.1677
1956.5417,1361.9254,0.1795
1956.6250,1361.7776,0.2405
1956.7083,1362.1910,0.2247
1956.7917,1362.4430,0.2134
1956.8750,1362.0168,0.3077
1956.9583,1362.3947,0.2881
1957.0417,1362.8168,0.2303
1957.1250,1362.7411,0.1824
1957.2083,1362.4327,0.1959
1957.2917,1362.4178,0.2007
1957.3750,1362.2208,0.2302
1957.4583,1361.9152,0.3318
1957.5417,1362.4283,0.2667
1957.6250,1362.5094,0.2304
1957.7083,1361.9077,0.3587
1957.7917,1362.3375,0.3553
1957.8750,1363.0133,0.2738
1957.9583,1362.4686,0.3507
1958.0417,1362.8154,0.2759
1958.1250,1362.5168,0.2467
1958.2083,1361.8557,0.3400
1958.2917,1362.2704,0.3004
1958.3750,1362.5632,0.2473
1958.4583,1362.5243,0.2387
1958.5417,1362.0953,0.2795
1958.6250,1362.4133,0.2620
1958.7083,1362.3784,0.2851
1958.7917,1362.6594,0.2444
1958.8750,1362.6675,0.2147
1958.9583,1362.1056,0.2877
1959.0417,1361.8129,0.3794
1959.1250,1362.6514,0.2326
1959.2083,1361.9777,0.2984
1959.2917,1362.3389,0.2398
1959.3750,1362.1609,0.2503
1959.4583,1362.0960,0.2659
1959.5417,1362.1787,0.2330
1959.6250,1361.8456,0.3019
1959.7083,1362.2888,0.2237
1959.7917,1362.2427,0.1761
1959.8750,1361.8425,0.2151
1959.9583,1361.7760,0.2144
1960.0417,1361.9600,0.2212
1960.1250,1362.1581,0.1813
1960.2083,1362.0981,0.1506
1960.2917,1361.8293,0.1813
1960.3750,1361.8043,0.1816
1960.4583,1362.1180,0.1578
1960.5417,1361.8435,0.1853
1960.6250,1361.7975,0.1935
1960.7083,1362.1191,0.1576
1960.7917,1361.9889,0.1415
1960.8750,1361.7393,0.1536
1960.9583,1361.8734,0.1271
1961.0417,1361.7827,0.1164
1961.1250,1361.7361,0.0974
1961.2083,1361.5942,0.0961
1961.2917,1361.5234,0.1002
1961.3750,1361.5810,0.0949
1961.4583,1361.4086,0.1129
1961.5417,1361.3933,0.1238
1961.6250,1361.6840,0.0976
1961.7083,1361.4077,0.1190
1961.7917,1361.6146,0.0908
1961.8750,1361.5118,0.0859
1961.9583,1361.4519,0.0885
1962.0417,1361.3217,0.0949
1962.1250,1361.3060,0.1057
1962.2083,1361.4727,0.0965
1962.2917,1361.4404,0.0933
1962.3750,1361.3961,0.0946
1962.4583,1361.4811,0.0859
1962.5417,1361.4200,0.0807
1962.6250,1361.3688,0.0760
1962.7083,1361.1810,0.0910
1962.7917,1361.3514,0.0831
1962.8750,1361.3788,0.0807
1962.9583,1361.3800,0.0770
1963.0417,1361.3417,0.0759
1963.1250,1361.3456,0.0756
1963.2083,1361.3553,0.0748
1963.2917,1361.2782,0.0775
1963.3750,1361.2596,0.0849
1963.4583,1361.3296,0.0819
1963.5417,1361.3809,0.0756
1963.6250,1361.2981,0.0787
1963.7083,1361.1469,0.0896
1963.7917,1361.2758,0.0825
1963.8750,1361.3938,0.0768
1963.9583,1361.3900,0.0740
1964.0417,1361.3055,0.0713
1964.1250,1361.2924,0.0709
1964.2083,1361.2900,0.0712
1964.2917,1361.3284,0.0704
1964.3750,1361.2941,0.0695
1964.4583,1361.2861,0.0690
1964.5417,1361.2771,0.0683
1964.6250,1361.2750,0.0688
1964.7083,1361.2942,0.0689
1964.7917,1361.3096,0.0696
1964.8750,1361.3038,0.0695
1964.9583,1361.3055,0.0709
1965.0417,1361.3057,0.0716
1965.1250,1361.2940,0.0710
1965.2083,1361.3223,0.0706
1965.2917,1361.3228,0.0702
1965.3750,1361.3002,0.0740
1965.4583,1361.3771,0.0739
1965.5417,1361.3760,0.0736
1965.6250,1361.3881,0.0726
1965.7083,1361.3218,0.0728
1965.7917,1361.3284,0.0747
1965.8750,1361.3242,0.0731
1965.9583,1361.3136,0.0723
1966.0417,1361.3370,0.0785
1966.1250,1361.4070,0.0781
1966.2083,1361.3395,0.0873
1966.2917,1361.3464,0.0981
1966.3750,1361.5814,0.0911
1966.4583,1361.6274,0.0908
1966.5417,1361.5747,0.1009
1966.6250,1361.6624,0.0999
1966.7083,1361.5258,0.1115
1966.7917,1361.6444,0.1031
1966.8750,1361.6288,0.1073
1966.9583,1361.6349,0.1191
1967.0417,1361.4661,0.1647
1967.1250,1361.6979,0.1537
1967.2083,1361.6385,0.1828
1967.2917,1362.0503,0.1219
1967.3750,1361.6189,0.1622
1967.4583,1361.7866,0.1291
1967.5417,1361.5917,0.1552
1967.6250,1361.6663,0.1719
1967.7083,1362.0507,0.1259
1967.7917,1361.9154,0.1330
1967.8750,1361.7352,0.1509
1967.9583,1361.6265,0.1775
1968.0417,1361.6825,0.2135
1968.1250,1361.9904,0.1849
1968.2083,1362.0809,0.1415
1968.2917,1361.9121,0.1251
1968.3750,1361.6276,0.1685
1968.4583,1361.5660,0.1757
1968.5417,1361.7847,0.1488
1968.6250,1361.7094,0.1581
1968.7083,1361.8163,0.1439
1968.7917,1361.8217,0.1531
1968.8750,1361.8479,0.1383
1968.9583,1361.6589,0.1603
1969.0417,1361.7872,0.1558
1969.1250,1361.9324,0.1472
1969.2083,1361.7576,0.1898
1969.2917,1361.9167,0.1686
1969.3750,1361.9492,0.1507
1969.4583,1361.7538,0.1793
1969.5417,1361.9760,0.1413
1969.6250,1361.9036,0.1465
1969.7083,1362.0052,0.1255
1969.7917,1361.6981,0.1607
1969.8750,1361.7501,0.1675
1969.9583,1361.8771,0.1460
1970.0417,1361.8010,0.1627
1970.1250,1361.6753,0.1986
1970.2083,1362.0779,0.1554
1970.2917,1361.8578,0.1799
1970.3750,1361.7317,0.1988
1970.4583,1361.9685,0.1636
1970.5417,1361.8042,0.1737
1970.6250,1361.9215,0.1433
1970.7083,1361.8002,0.1491
1970.7917,1361.8386,0.1464
1970.8750,1361.8328,0.1614
1970.9583,1361.8816,0.1488
1971.0417,1361.6272,0.1770
1971.1250,1361.6896,0.1474
1971.2083,1361.7468,0.1088
1971.2917,1361.5632,0.1138
1971.3750,1361.5775,0.1069
1971.4583,1361.6584,0.0974
1971.5417,1361.4293,0.1254
1971.6250,1361.4008,0.1273
1971.7083,1361.6577,0.1001
1971.7917,1361.3588,0.1181
1971.8750,1361.4739,0.1129
1971.9583,1361.5361,0.1214
1972.0417,1361.7437,0.1028
1972.1250,1361.5400,0.1415
1972.2083,1361.6204,0.1357
1972.2917,1361.8308,0.1081
1972.3750,1361.5281,0.1386
1972.4583,1361.6233,0.1430
1972.5417,1361.8080,0.1216
1972.6250,1361.7053,0.1259
1972.7083,1361.7495,0.1055
1972.7917,1361.4884,0.1216
1972.8750,1361.6082,0.0962
1972.9583,1361.4517,0.0968
1973.0417,1361.5281,0.0916
1973.1250,1361.4995,0.0902
1973.2083,1361.3502,0.1007
1973.2917,1361.3999,0.1039
1973.3750,1361.5310,0.0923
1973.4583,1361.4863,0.0894
1973.5417,1361.4484,0.0840
1973.6250,1361.4093,0.0805
1973.7083,1361.2368,0.1076
1973.7917,1361.4066,0.0869
1973.8750,1361.3606,0.0791
1973.9583,1361.3307,0.0773
1974.0417,1361.3252,0.0764
1974.1250,1361.3242,0.0774
1974.2083,1361.3710,0.0757
1974.2917,1361.2853,0.0839
1974.3750,1361.4230,0.0858
1974.4583,1361.4480,0.0843
1974.5417,1361.2273,0.1032
1974.6250,1361.3646,0.0849
1974.7083,1361.2642,0.0893
1974.7917,1361.2915,0.0950
1974.8750,1361.4236,0.0839
1974.9583,1361.3254,0.0787
1975.0417,1361.2854,0.0737
1975.1250,1361.2616,0.0717
1975.2083,1361.2625,0.0705
1975.2917,1361.2815,0.0703
1975.3750,1361.2869,0.0718
1975.4583,1361.2657,0.0722
1975.5417,1361.2236,0.0775
1975.6250,1361.1487,0.0969
1975.7083,1361.4480,0.0782
1975.7917,1361.3324,0.0753
1975.8750,1361.2452,0.0761
1975.9583,1361.2980,0.0720
1976.0417,1361.2709,0.0665
1976.1250,1361.2650,0.0631
1976.2083,1361.1595,0.0709
1976.2917,1361.2051,0.0726
1976.3750,1361.3026,0.0661
1976.4583,1361.2734,0.0651
1976.5417,1361.2355,0.0618
1976.6250,1361.2334,0.0703
1976.7083,1361.2908,0.0684
1976.7917,1361.3384,0.0702
1976.8750,1361.2686,0.0650
1976.9583,1361.2306,0.0668
1977.0417,1361.2944,0.0677
1977.1250,1361.3986,0.0749
1977.2083,1361.3700,0.0684
1977.2917,1361.3494,0.0705
1977.3750,1361.4407,0.0736
1977.4583,1361.2842,0.0929
1977.5417,1361.4373,0.0745
1977.6250,1361.4773,0.0792
1977.7083,1361.2451,0.1039
1977.7917,1361.4700,0.0949
1977.8750,1361.7826,0.0914
1977.9583,1361.5920,0.1000
1978.0417,1361.7965,0.0984
1978.1250,1361.4407,0.1498
1978.2083,1361.6738,0.1224
1978.2917,1361.6823,0.1365
1978.3750,1361.8182,0.1346
1978.4583,1361.9956,0.1300
1978.5417,1361.9633,0.1198
1978.6250,1362.1033,0.1084
1978.7083,1361.7832,0.1665
1978.7917,1362.1195,0.1430
1978.8750,1361.9269,0.1417
1978.9583,1361.4049,0.1950
1979.0417,1361.9319,0.2041
1979.1250,1362.2645,0.1945
1979.2083,1362.7245,0.1725
1979.2917,1362.1917,0.1721
1979.3750,1362.2980,0.1625
1979.4583,1361.6838,0.2105
1979.5417,1362.1976,0.1701
1979.6250,1362.0955,0.1775
1979.7083,1362.1509,0.1973
1979.7917,1362.1473,0.2134
1979.8750,1361.9227,0.2432
1979.9583,1362.4775,0.1801
1980.0417,1362.4476,0.1850
1980.1250,1362.1923,0.1887
1980.2083,1362.6199,0.1529
1980.2917,1361.8197,0.2169
1980.3750,1361.9757,0.2342
1980.4583,1362.3445,0.1776
1980.5417,1362.2699,0.1804
1980.6250,1362.2822,0.1600
1980.7083,1362.1666,0.1801
1980.7917,1362.1173,0.2004
1980.8750,1361.6118,0.2377
1980.9583,1362.5387,0.2004
1981.0417,1362.6483,0.1546
1981.1250,1362.1078,0.1905
1981.2083,1362.2867,0.1982
1981.2917,1362.6357,0.1982
1981.3750,1362.3014,0.1965
1981.4583,1362.1619,0.1582
1981.5417,1361.3440,0.2369
1981.6250,1362.6686,0.1757
1981.7083,1362.3064,0.2258
1981.7917,1361.9688,0.2404
1981.8750,1362.3232,0.2006
1981.9583,1362.2302,0.2112
1982.0417,1362.4714,0.1612
1982.1250,1361.3713,0.2556
1982.2083,1361.3518,0.2628
1982.2917,1362.0371,0.1677
1982.3750,1361.9899,0.1484
1982.4583,1361.0560,0.2229
1982.5417,1361.7031,0.1694
1982.6250,1361.7426,0.1773
1982.7083,1362.0724,0.1700
1982.7917,1362.2015,0.1600
1982.8750,1361.8754,0.1576
1982.9583,1361.7615,0.2013
1983.0417,1362.0726,0.1408
1983.1250,1361.8119,0.1202
1983.2083,1361.8257,0.1148
1983.2917,1361.8279,0.1177
1983.3750,1361.6686,0.1401
1983.4583,1361.6803,0.1471
1983.5417,1361.8835,0.1206
1983.6250,1362.0338,0.1174
1983.7083,1361.8439,0.1034
1983.7917,1361.6484,0.1073
1983.8750,1361.7467,0.0868
1983.9583,1361.6750,0.0874
1984.0417,1360.9341,0.1375
1984.1250,1361.1810,0.1528
1984.2083,1361.7621,0.1154
1984.2917,1361.0679,0.1589
1984.3750,1361.3163,0.1381
1984.4583,1361.6952,0.0996
1984.5417,1361.7286,0.0890
1984.6250,1361.5863,0.0816
1984.7083,1361.5039,0.0757
1984.7917,1361.3954,0.0705
1984.8750,1361.2771,0.0716
1984.9583,1361.3617,0.0697
1985.0417,1361.2440,0.0671
1985.1250,1361.3068,0.0673
1985.2083,1361.2611,0.0668
1985.2917,1361.1294,0.0701
1985.3750,1361.2296,0.0731
1985.4583,1361.2910,0.0709
1985.5417,1361.2340,0.0732
1985.6250,1361.3628,0.0685
1985.7083,1361.2748,0.0644
1985.7917,1361.1940,0.0671
1985.8750,1361.2491,0.0656
1985.9583,1361.2940,0.0662
1986.0417,1361.2906,0.0648
1986.1250,1361.1675,0.0754
1986.2083,1361.3021,0.0692
1986.2917,1361.2607,0.0685
1986.3750,1361.3339,0.0671
1986.4583,1361.2650,0.0635
1986.5417,1361.2526,0.0652
1986.6250,1361.2040,0.0635
1986.7083,1361.2097,0.0617
1986.7917,1361.2418,0.0713
1986.8750,1361.3250,0.0688
1986.9583,1361.2795,0.0644
1987.0417,1361.2693,0.0644
1987.1250,1361.2632,0.0636
1987.2083,1361.2670,0.0658
1987.2917,1361.2163,0.0770
1987.3750,1361.3450,0.0786
1987.4583,1361.4546,0.0732
1987.5417,1361.4686,0.0769
1987.6250,1361.3750,0.0814
1987.7083,1361.4590,0.0765
1987.7917,1361.4420,0.0848
1987.8750,1361.5863,0.0877
1987.9583,1361.6024,0.0820
1988.0417,1361.6593,0.0917
1988.1250,1361.7173,0.0932
1988.2083,1361.5340,0.1040
1988.2917,1361.6476,0.1142
1988.3750,1361.9204,0.1015
1988.4583,1361.5718,0.1401
1988.5417,1361.3488,0.1644
1988.6250,1361.7100,0.1457
1988.7083,1361.9706,0.1313
1988.7917,1361.6415,0.1585
1988.8750,1361.9169,0.1457
1988.9583,1361.8024,0.1850
1989.0417,1362.0247,0.2090
1989.1250,1362.1587,0.2019
1989.2083,1361.9265,0.1959
1989.2917,1362.1699,0.1736
1989.3750,1362.3761,0.1730
1989.4583,1361.8240,0.2594
1989.5417,1362.7047,0.1609
1989.6250,1362.0500,0.2159
1989.7083,1361.7678,0.2347
1989.7917,1362.5636,0.1802
1989.8750,1362.3940,0.2103
1989.9583,1362.4291,0.1970
1990.0417,1362.4414,0.1848
1990.1250,1362.2257,0.1656
1990.2083,1362.2379,0.1645
1990.2917,1362.4851,0.1604
1990.3750,1362.1062,0.1727
1990.4583,1362.3877,0.1497
1990.5417,1362.0226,0.1801
1990.6250,1361.6699,0.2329
1990.7083,1362.4089,0.1652
1990.7917,1362.1974,0.1732
1990.8750,1361.3508,0.1980
1990.9583,1361.9210,0.1759
1991.0417,1361.5348,0.2321
1991.1250,1361.8354,0.2337
1991.2083,1361.9319,0.2053
1991.2917,1362.6871,0.1655
1991.3750,1361.9824,0.1866
1991.4583,1361.9777,0.2018
1991.5417,1362.2300,0.2023
1991.6250,1362.1930,0.2095
1991.7083,1362.5004,0.1648
1991.7917,1361.6536,0.2205
1991.8750,1362.2210,0.1549
1991.9583,1361.4285,0.2271
1992.0417,1362.0728,0.1992
1992.1250,1361.9536,0.2225
1992.2083,1362.3589,0.1517
1992.2917,1362.2018,0.1457
1992.3750,1362.0342,0.1151
1992.4583,1361.9097,0.1083
1992.5417,1361.6243,0.1306
1992.6250,1361.6045,0.1213
1992.7083,1361.7617,0.1062
1992.7917,1361.4755,0.1318
1992.8750,1361.7032,0.1358
1992.9583,1361.8820,0.1209
1993.0417,1361.9104,0.1053
1993.1250,1361.4453,0.1392
1993.2083,1361.8000,0.1203
1993.2917,1361.7788,0.1082
1993.3750,1361.7452,0.1016
1993.4583,1361.7415,0.1021
1993.5417,1361.6942,0.0969
1993.6250,1361.6530,0.0890
1993.7083,1361.4954,0.0795
1993.7917,1361.2960,0.0950
1993.8750,1361.3310,0.0924
1993.9583,1361.4610,0.0934
1994.0417,1361.2896,0.1139
1994.1250,1361.5887,0.0894
1994.2083,1361.6433,0.0829
1994.2917,1361.4783,0.0747
1994.3750,1361.3860,0.0752
1994.4583,1361.3780,0.0726
1994.5417,1361.3567,0.0759
1994.6250,1361.3743,0.0730
1994.7083,1361.2416,0.0759
1994.7917,1361.2976,0.0807
1994.8750,1361.4373,0.0748
1994.9583,1361.2954,0.0772
1995.0417,1361.4304,0.0752
1995.1250,1361.4099,0.0770
1995.2083,1361.3363,0.0782
1995.2917,1361.2808,0.0714
1995.3750,1361.2805,0.0694
1995.4583,1361.3293,0.0707
1995.5417,1361.3048,0.0694
1995.6250,1361.3181,0.0679
1995.7083,1361.3000,0.0663
1995.7917,1361.2302,0.0698
1995.8750,1361.2811,0.0665
1995.9583,1361.2410,0.0642
1996.0417,1361.2712,0.0660
1996.1250,1361.2280,0.0625
1996.2083,1361.1904,0.0623
1996.2917,1361.2086,0.0617
1996.3750,1361.2434,0.0640
1996.4583,1361.2332,0.0647
1996.5417,1361.2281,0.0659
1996.6250,1361.2538,0.0677
1996.7083,1361.2888,0.0646
1996.7917,1361.2366,0.0625
1996.8750,1361.1157,0.0694
1996.9583,1361.3204,0.0676
1997.0417,1361.2993,0.0652
1997.1250,1361.2887,0.0645
1997.2083,1361.3068,0.0661
1997.2917,1361.3026,0.0669
1997.3750,1361.3402,0.0696
1997.4583,1361.3289,0.0678
1997.5417,1361.3320,0.0668
1997.6250,1361.3864,0.0722
1997.7083,1361.2416,0.0919
1997.7917,1361.5432,0.0770
1997.8750,1361.4308,0.0870
1997.9583,1361.4747,0.0886
1998.0417,1361.5787,0.0836
1998.1250,1361.5168,0.0826
1998.2083,1361.4003,0.0969
1998.2917,1361.6934,0.0957
1998.3750,1361.6041,0.0958
1998.4583,1361.6506,0.0999
1998.5417,1361.8511,0.1079
1998.6250,1361.6605,0.1279
1998.7083,1361.6462,0.1318
1998.7917,1361.9623,0.1027
1998.8750,1361.8809,0.1183
1998.9583,1361.9692,0.1279
1999.0417,1362.1042,0.1119
1999.1250,1361.8348,0.1189
1999.2083,1361.9711,0.1089
1999.2917,1361.8689,0.1013
1999.3750,1361.9812,0.1267
1999.4583,1361.9734,0.1546
1999.5417,1362.0599,0.1481
1999.6250,1362.0675,0.1468
1999.7083,1362.2136,0.1159
1999.7917,1361.7329,0.1563
1999.8750,1361.9132,0.1712
1999.9583,1361.9463,0.1536
2000.0417,1362.3506,0.1335
2000.1250,1362.1687,0.1514
2000.2083,1361.9939,0.1919
2000.2917,1362.2375,0.1786
2000.3750,1361.9108,0.1796
2000.4583,1362.0281,0.1782
2000.5417,1362.1401,0.2017
2000.6250,1362.5767,0.1494
2000.7083,1361.9840,0.1787
2000.7917,1362.6084,0.1470
2000.8750,1362.4606,0.1613
2000.9583,1362.5686,0.1483
2001.0417,1362.2892,0.1387
2001.1250,1362.3119,0.1226
2001.2083,1361.8824,0.1581
2001.2917,1361.8597,0.1610
2001.3750,1362.0925,0.1334
2001.4583,1362.0206,0.1608
2001.5417,1362.2170,0.1234
2001.6250,1361.9353,0.1482
2001.7083,1361.7737,0.2184
2001.7917,1362.2314,0.1944
2001.8750,1361.9543,0.1971
2001.9583,1362.4086,0.2032
2002.0417,1362.8835,0.1884
2002.1250,1362.8602,0.1703
2002.2083,1362.5936,0.1544
2002.2917,1362.1416,0.1782
2002.3750,1362.1659,0.1729
2002.4583,1362.1512,0.1457
2002.5417,1361.6290,0.1781
2002.6250,1361.7991,0.1844
2002.7083,1361.9845,0.1749
2002.7917,1361.9357,0.1649
2002.8750,1361.8413,0.1618
2002.9583,1362.3444,0.1360
2003.0417,1362.2438,0.1251
2003.1250,1362.1492,0.1048
2003.2083,1361.6288,0.1272
2003.2917,1361.6735,0.1198
2003.3750,1361.6788,0.1073
2003.4583,1361.5311,0.1203
2003.5417,1361.6709,0.1231
2003.6250,1361.7899,0.1121
2003.7083,1361.8505,0.1006
2003.7917,1360.7906,0.1910
2003.8750,1361.5948,0.1274
2003.9583,1361.7275,0.1008
2004.0417,1361.5123,0.1039
2004.1250,1361.5675,0.0974
2004.2083,1361.5515,0.0985
2004.2917,1361.6261,0.0897
2004.3750,1361.4795,0.0907
2004.4583,1361.5060,0.0923
2004.5417,1361.1465,0.1131
2004.6250,1361.2194,0.1071
2004.7083,1361.4816,0.0906
2004.7917,1361.5154,0.0922
2004.8750,1361.4349,0.1020
2004.9583,1361.6178,0.0835
2005.0417,1361.1162,0.1017
2005.1250,1361.3435,0.0847
2005.2083,1361.3130,0.0780
2005.2917,1361.2676,0.0772
2005.3750,1361.2483,0.0909
2005.4583,1361.2291,0.0877
2005.5417,1361.2877,0.0888
2005.6250,1361.3584,0.0823
2005.7083,1361.1774,0.0833
2005.7917,1361.3395,0.0674
2005.8750,1361.1814,0.0747
2005.9583,1361.2891,0.0803
2006.0417,1361.3391,0.0700
2006.1250,1361.3048,0.0649
2006.2083,1361.2397,0.0645
2006.2917,1361.2620,0.0779
2006.3750,1361.4227,0.0727
2006.4583,1361.2767,0.0693
2006.5417,1361.2229,0.0703
2006.6250,1361.0892,0.0738
2006.7083,1361.2620,0.0691
2006.7917,1361.2800,0.0663
2006.8750,1361.0597,0.0803
2006.9583,1361.0748,0.0727
2007.0417,1361.0900,0.0715
2007.1250,1361.1149,0.0651
2007.2083,1361.1953,0.0618
2007.2917,1361.1434,0.0626
2007.3750,1361.1669,0.0655
2007.4583,1361.2335,0.0666
2007.5417,1361.1835,0.0661
2007.6250,1361.2196,0.0636
2007.7083,1361.1638,0.0604
2007.7917,1361.1630,0.0600
2007.8750,1361.1566,0.0595
2007.9583,1361.1880,0.0633
2008.0417,1361.2716,0.0631
2008.1250,1361.2172,0.0610
2008.2083,1361.1671,0.0633
2008.2917,1361.2498,0.0625
2008.3750,1361.2313,0.0616
2008.4583,1361.1765,0.0596
2008.5417,1361.1759,0.0595
2008.6250,1361.1876,0.0599
2008.7083,1361.1763,0.0595
2008.7917,1361.1957,0.0604
2008.8750,1361.1726,0.0599
2008.9583,1361.1406,0.0583
2009.0417,1361.1430,0.0582
2009.1250,1361.1578,0.0588
2009.2083,1361.1624,0.0589
2009.2917,1361.1606,0.0588
2009.3750,1361.2239,0.0613
2009.4583,1361.2194,0.0613
2009.5417,1361.1716,0.0602
2009.6250,1361.1616,0.0589
2009.7083,1361.1797,0.0600
2009.7917,1361.2013,0.0617
2009.8750,1361.2705,0.0632
2009.9583,1361.2396,0.0648
2010.0417,1361.2754,0.0684
2010.1250,1361.3927,0.0717
2010.2083,1361.3057,0.0722
2010.2917,1361.3822,0.0687
2010.3750,1361.3627,0.0680
2010.4583,1361.3256,0.0672
2010.5417,1361.4047,0.0730
2010.6250,1361.3546,0.0751
2010.7083,1361.3553,0.0786
2010.7917,1361.2633,0.0759
2010.8750,1361.3619,0.0740
2010.9583,1361.2983,0.0757
2011.0417,1361.3356,0.0730
2011.1250,1361.3511,0.0795
2011.2083,1361.3741,0.1003
2011.2917,1361.7372,0.1010
2011.3750,1361.7183,0.0878
2011.4583,1361.7072,0.0893
2011.5417,1361.5732,0.0889
2011.6250,1361.4954,0.0974
2011.7083,1361.4998,0.1263
2011.7917,1361.6578,0.1318
2011.8750,1361.8337,0.1413
2011.9583,1361.9802,0.1269
2012.0417,1361.8209,0.1173
2012.1250,1361.7950,0.0966
2012.2083,1361.6506,0.1040
2012.2917,1361.7693,0.1035
2012.3750,1361.6517,0.1175
2012.4583,1361.7397,0.1128
2012.5417,1361.4606,0.1308
2012.6250,1361.8741,0.1081
2012.7083,1362.0159,0.1115
2012.7917,1361.7957,0.1155
2012.8750,1361.8445,0.1085
2012.9583,1361.8113,0.0969
2013.0417,1361.6747,0.1199
2013.1250,1361.6900,0.0930
2013.2083,1361.8337,0.1014
2013.2917,1361.7037,0.1175
2013.3750,1361.9454,0.1236
2013.4583,1361.8801,0.1042
2013.5417,1361.9081,0.1066
2013.6250,1361.9625,0.1073
2013.7083,1361.8994,0.0952
2013.7917,1361.6393,0.1232
2013.8750,1361.6637,0.1406
2013.9583,1361.9404,0.1351
2014.0417,1361.6924,0.1528
2014.1250,1361.5901,0.1734
2014.2083,1362.2932,0.1333
2014.2917,1362.0272,0.1351
2014.3750,1361.9138,0.1229
2014.4583,1361.7971,0.1132
2014.5417,1361.8143,0.1354
2014.6250,1362.0050,0.1197
2014.7083,1361.9630,0.1341
2014.7917,1361.5731,0.1657
2014.8750,1362.0165,0.1480
2014.9583,1361.9578,0.1522
2015.0417,1362.0659,0.1306
2015.1250,1362.4369,0.1182
2015.2083,1362.1709,0.1147
2015.2917,1362.2218,0.1189
2015.3750,1362.0271,0.1134
2015.4583,1361.8427,0.1167
2015.5417,1361.9988,0.1060
2015.6250,1361.6337,0.1043
2015.7083,1361.5824,0.0986
2015.7917,1361.7880,0.0939
2015.8750,1361.8960,0.0985
2015.9583,1361.7620,0.1017
2016.0417,1361.7040,0.0945
2016.1250,1361.7703,0.0938
2016.2083,1361.5923,0.0868
2016.2917,1361.2639,0.0909
2016.3750,1361.4188,0.0900
2016.4583,1361.4874,0.0795
2016.5417,1361.4229,0.0825
2016.6250,1361.4545,0.0791
2016.7083,1361.4265,0.0808
2016.7917,1361.3861,0.0778
2016.8750,1361.3805,0.0715
2016.9583,1361.2803,0.0672
2017.0417,1361.3027,0.0708
2017.1250,1361.3522,0.0694
2017.2083,1361.2594,0.0681
2017.2917,1361.3120,0.0739
2017.3750,1361.3613,0.0681
2017.4583,1361.3710,0.0709
2017.5417,1361.2212,0.0721
2017.6250,1361.2158,0.0757
2017.7083,1361.0613,0.0964
2017.7917,1361.3802,0.0729
2017.8750,1361.3558,0.0682
2017.9583,1361.3070,0.0661
2018.0417,1361.2626,0.0641
2018.1250,1361.1990,0.0653
2018.2083,1361.2217,0.0622
2018.2917,1361.2584,0.0641
2018.3750,1361.2977,0.0652
2018.4583,1361.3210,0.0677
2018.5417,1361.3112,0.0656
2018.6250,1361.2745,0.0647
2018.7083,1361.2583,0.0639
2018.7917,1361.2627,0.0639
2018.8750,1361.2270,0.0626
2018.9583,1361.2499,0.0631
2019.0417,1361.2559,0.0634
2019.1250,1361.2721,0.0632
2019.2083,1361.2639,0.0637
2019.2917,1361.1895,0.0674
2019.3750,1361.2292,0.0662
2019.4583,1361.3027,0.0644
2019.5417,1361.2819,0.0636
2019.6250,1361.2537,0.0628
2019.7083,1361.2471,0.0624
2019.7917,1361.2444,0.0625
2019.8750,1361.2612,0.0632
2019.9583,1361.2649,0.0634
2020.0417,1361.2808,0.0643
2020.1250,1361.2573,0.0630
2020.2083,1361.2633,0.0633
2020.2917,1361.2370,0.0639
2020.3750,1361.2863,0.0648
2020.4583,1361.3076,0.0658
2020.5417,1361.2880,0.0658
2020.6250,1361.3710,0.0682
2020.7083,1361.3176,0.0659
2020.7917,1361.3539,0.0688
2020.8750,1361.3816,0.0817
2020.9583,1361.5228,0.0811
2021.0417,1361.4215,0.0720
2021.1250,1361.3696,0.0701
2021.2083,1361.4412,0.0713
2021.2917,1361.3999,0.0720
2021.3750,1361.4021,0.0738
2021.4583,1361.4774,0.0797
2021.5417,1361.5810,0.0823
2021.6250,1361.5167,0.0786
2021.7083,1361.4973,0.0869
2021.7917,1361.5236,0.0890
2021.8750,1361.5828,0.0846
2021.9583,1361.6472,0.0956
2022.0417,1361.6700,0.0990
2022.1250,1361.8533,0.1024
2022.2083,1361.8098,0.1119
2022.2917,1361.9296,0.1269
2022.3750,1362.1365,0.1277
2022.4583,1362.1174,0.1138
2022.5417,1361.9788,0.1251
2022.6250,1361.9519,0.1126
2022.7083,1362.1454,0.1221
2022.7917,1362.2289,0.1258
2022.8750,1362.0884,0.1234
2022.9583,1361.8620,0.1508
2023.0417,1362.1772,0.1817
2023.1250,1362.4064,0.1615
2023.2083,1362.5898,0.1505
2023.2917,1362.5720,0.1388
2023.3750,1362.1440,0.1616
2023.4583,1362.5377,0.1589
2023.5417,1362.0330,0.1975
2023.6250,1362.5430,0.1606
2023.7083,1362.6113,0.1518
2023.7917,1362.8220,0.1418
2023.8750,1362.5399,0.1516
2023.9583,1362.4066,0.1491
2024.0417,1362.6362,0.1528
2024.1250,1362.2043,0.1738
2024.2083,1362.5046,0.1463
2024.2917,1362.6205,0.1561
2024.3750,1362.3502,0.1908
2024.4583,1362.4741,0.1939
2024.5417,1362.7909,0.1958
2024.6250,1362.3158,0.2697
2024.7083,1363.2379,0.1885
2024.7917,1362.4122,0.2363
2024.8750,1362.5304,0.2077
2024.9583,1362.6963,0.1928
2025.0417,1362.6112,0.1898
2025.1250,1362.5714,0.1844
2025.2083,1362.8842,0.1595
2025.2917,1362.5593,0.1673
2025.3750,1362.0984,0.1597
2025.4583,1362.2878,0.1402
2025.5417,1362.4957,0.1460
2025.6250,1362.3425,0.1609
2025.7083,1362.3715,0.1642
2025.7917,1362.3833,0.1473
2025.8750,1362.2733,0.1468
2025.9583,1362.1208,0.1675
