year,tsi,tsi_unc
1610,1361.3345,0.1046
1611,1361.4644,0.1184
1612,1361.8406,0.2054
1613,1361.8181,0.1986
1614,1361.9281,0.2332
1615,1362.0387,0.2718
1616,1361.3019,0.1028
1617,1361.0956,0.1070
1618,1361.0848,0.1079
1619,1361.2380,0.1013
1620,1361.2380,0.1013
1621,1361.2380,0.1013
1622,1361.2380,0.1013
1623,1361.2380,0.1013
1624,1361.1780,0.1022
1625,1361.5708,0.1367
1626,1361.3805,0.1083
1627,1361.2572,0.1014
1628,1361.3369,0.1047
1629,1361.2825,0.1020
1630,1361.2008,0.1016
1631,1361.1194,0.1052
1632,1361.0706,0.1091
1633,1361.4193,0.1124
1634,1361.1804,0.1021
1635,1361.2344,0.1013
1636,1361.4518,0.1166
1637,1361.6721,0.1592
1638,1361.8955,0.2226
1639,1361.9946,0.2560
1640,1361.2380,0.1013
1641,1361.4358,0.1144
1642,1361.6360,0.1507
1643,1361.2814,0.1020
1644,1361.2091,0.1014
1645,1361.0706,0.1091
1646,1361.0706,0.1091
1647,1361.0706,0.1091
1648,1361.0706,0.1091
1649,1361.0706,0.1091
1650,1361.0706,0.1091
1651,1361.0706,0.1091
1652,1361.1183,0.1053
1653,1361.0801,0.1083
1654,1361.0789,0.1084
1655,1361.0765,0.1086
1656,1361.0706,0.1091
1657,1361.0718,0.1090
1658,1361.0706,0.1091
1659,1361.0706,0.1091
1660,1361.0956,0.1070
1661,1361.0813,0.1082
1662,1361.0706,0.1091
1663,1361.0706,0.1091
1664,1361.0706,0.1091
1665,1361.0706,0.1091
1666,1361.0706,0.1091
1667,1361.0706,0.1091
1668,1361.0706,0.1091
1669,1361.0706,0.1091
1670,1361.0706,0.1091
1671,1361.0813,0.1082
1672,1361.0753,0.1087
1673,1361.0706,0.1091
1674,1361.0730,0.1089
1675,1361.0706,0.1091
1676,1361.0979,0.1068
1677,1361.0753,0.1087
1678,1361.0730,0.1089
1679,1361.0706,0.1091
1680,1361.0801,0.1083
1681,1361.0706,0.1091
1682,1361.0706,0.1091
1683,1361.0706,0.1091
1684,1361.0908,0.1074
1685,1361.0706,0.1091
1686,1361.0778,0.1085
1687,1361.0706,0.1091
1688,1361.0778,0.1085
1689,1361.0789,0.1084
1690,1361.0706,0.1091
1691,1361.0706,0.1091
1692,1361.0706,0.1091
1693,1361.0706,0.1091
1694,1361.0706,0.1091
1695,1361.0718,0.1090
1696,1361.0706,0.1091
1697,1361.0706,0.1091
1698,1361.0706,0.1091
1699,1361.0706,0.1091
1700,1361.1069,0.1006
1701,1361.1540,0.1023
1702,1361.1970,0.1052
1703,1361.2588,0.1114
1704,1361.3411,0.1230
1705,1361.4791,0.1503
1706,1361.3585,0.1264
1707,1361.2732,0.1140
1708,1361.2104,0.1076
1709,1361.1665,0.1046
1710,1361.1266,0.1031
1711,1361.0865,0.1026
1712,1361.0752,0.1028
1713,1361.0894,0.1012
1714,1361.1430,0.0955
1715,1361.2695,0.0983
1716,1361.3880,0.1099
1717,1361.5314,0.1358
1718,1361.5006,0.1217
1719,1361.4929,0.1134
1720,1361.4027,0.0857
1721,1361.3749,0.0733
1722,1361.3096,0.0542
1723,1361.2042,0.0365
1724,1361.2937,0.0457
1725,1361.3829,0.0656
1726,1361.6003,0.1249
1727,1361.8019,0.1932
1728,1361.8701,0.2206
1729,1361.6891,0.1586
1730,1361.6614,0.1520
1731,1361.3933,0.0825
1732,1361.2900,0.0664
1733,1361.1714,0.0588
1734,1361.1746,0.0608
1735,1361.3586,0.0836
1736,1361.6569,0.1605
1737,1361.6804,0.1688
1738,1361.7618,0.1968
1739,1361.8217,0.2191
1740,1361.5703,0.1382
1741,1361.6198,0.1534
1742,1361.3910,0.0964
1743,1361.2543,0.0755
1744,1361.1473,0.0695
1745,1361.1560,0.0687
1746,1361.2222,0.0705
1747,1361.3198,0.0809
1748,1361.6816,0.1695
1749,1361.7252,0.1824
1750,1361.7643,0.1943
1751,1361.6014,0.1406
1752,1361.5243,0.1175
1753,1361.4105,0.0881
1754,1361.2609,0.0600
1755,1361.1821,0.0524
1756,1361.1743,0.0505
1757,1361.3608,0.0704
1758,1361.5208,0.1065
1759,1361.5820,0.1220
1760,1361.6300,0.1345
1761,1361.7830,0.1832
1762,1361.6494,0.1370
1763,1361.5223,0.0979
1764,1361.4568,0.0787
1765,1361.3004,0.0418
1766,1361.2056,0.0302
1767,1361.4497,0.0735
1768,1361.7518,0.1646
1769,1361.9630,0.2444
1770,1361.9636,0.2452
1771,1361.8934,0.2178
1772,1361.7738,0.1742
1773,1361.5239,0.0964
1774,1361.4438,0.0756
1775,1361.2073,0.0348
1776,1361.2840,0.0411
1777,1361.7047,0.1500
1778,1362.0667,0.2882
1779,1362.0447,0.2774
1780,1361.8741,0.2066
1781,1361.8079,0.1810
1782,1361.5327,0.0919
1783,1361.4032,0.0563
1784,1361.2361,0.0240
1785,1361.3041,0.0346
1786,1361.7060,0.1467
1787,1361.9920,0.2559
1788,1362.0531,0.2854
1789,1361.9833,0.2585
1790,1361.8566,0.2111
1791,1361.7019,0.1595
1792,1361.6683,0.1517
1793,1361.5891,0.1308
1794,1361.5127,0.1130
1795,1361.3100,0.0729
1796,1361.2570,0.0697
1797,1361.1693,0.0672
1798,1361.1362,0.0705
1799,1361.1515,0.0738
1800,1361.2435,0.0827
1801,1361.5137,0.1358
1802,1361.5215,0.1404
1803,1361.4622,0.1289
1804,1361.4927,0.1388
1805,1361.4557,0.1330
1806,1361.3790,0.1203
1807,1361.2126,0.1005
1808,1361.1696,0.1004
1809,1361.1243,0.1014
1810,1361.0782,0.1035
1811,1361.0856,0.1050
1812,1361.1343,0.1047
1813,1361.2103,0.1078
1814,1361.2375,0.1088
1815,1361.3666,0.1254
1816,1361.5027,0.1523
1817,1361.4808,0.1456
1818,1361.4242,0.1317
1819,1361.3680,0.1194
1820,1361.2550,0.1013
1821,1361.1677,0.0925
1822,1361.1471,0.0900
1823,1361.1040,0.0877
1824,1361.1553,0.0843
1825,1361.2706,0.0881
1826,1361.4430,0.1131
1827,1361.5812,0.1432
1828,1361.6705,0.1654
1829,1361.7484,0.1864
1830,1361.7767,0.1919
1831,1361.6041,0.1314
1832,1361.4172,0.0770
1833,1361.2142,0.0385
1834,1361.2225,0.0354
1835,1361.5315,0.0979
1836,1361.9547,0.2410
1837,1362.1494,0.3250
1838,1361.9468,0.2349
1839,1361.8620,0.2005
1840,1361.6984,0.1419
1841,1361.5009,0.0813
1842,1361.3807,0.0488
1843,1361.2444,0.0222
1844,1361.2462,0.0233
1845,1361.4286,0.0627
1846,1361.6106,0.1158
1847,1361.8102,0.1841
1848,1362.0016,0.2614
1849,1361.9476,0.2417
1850,1361.7836,0.1820
1851,1361.7212,0.1630
1852,1361.6761,0.1508
1853,1361.5374,0.1122
1854,1361.3630,0.0732
1855,1361.1906,0.0543
1856,1361.1550,0.0566
1857,1361.3140,0.0693
1858,1361.6183,0.1405
1859,1361.8894,0.2321
1860,1361.9712,0.2633
1861,1361.8658,0.2192
1862,1361.7765,0.1845
1863,1361.6113,0.1287
1864,1361.5540,0.1101
1865,1361.4368,0.0770
1866,1361.3068,0.0468
1867,1361.2006,0.0337
1868,1361.4071,0.0679
1869,1361.6912,0.1510
1870,1362.0480,0.2902
1871,1362.0317,0.2860
1872,1361.9713,0.2632
1873,1361.8027,0.2003
1874,1361.5750,0.1295
1875,1361.3528,0.0962
1876,1361.2983,0.0936
1877,1361.3105,0.0960
1878,1361.1798,0.0929
1879,1361.2246,0.0940
1880,1361.4937,0.1131
1881,1361.7493,0.1332
1882,1361.7172,0.1434
1883,1361.6727,0.1542
1884,1361.7358,0.1483
1885,1361.6375,0.1319
1886,1361.3789,0.1008
1887,1361.2672,0.0878
1888,1361.2064,0.0821
1889,1361.2009,0.0804
1890,1361.2089,0.0805
1891,1361.5068,0.1091
1892,1361.8229,0.1565
1893,1361.9004,0.1774
1894,1361.8906,0.1668
1895,1361.7562,0.1453
1896,1361.5945,0.1190
1897,1361.3390,0.1084
1898,1361.3961,0.1078
1899,1361.2694,0.0963
1900,1361.2485,0.0965
1901,1361.1498,0.0946
1902,1361.1782,0.0968
1903,1361.3846,0.1100
1904,1361.6416,0.1247
1905,1361.6234,0.1605
1906,1361.7118,0.1413
1907,1361.6744,0.1543
1908,1361.6483,0.1354
1909,1361.5477,0.1307
1910,1361.3435,0.1075
1911,1361.1946,0.0982
1912,1361.1765,0.0973
1913,1361.1562,0.0964
1914,1361.2395,0.0998
1915,1361.6466,0.1315
1916,1361.7913,0.1379
1917,1362.1729,0.1986
1918,1362.0410,0.1658
1919,1361.7354,0.1498
1920,1361.4720,0.1150
1921,1361.3773,0.1010
1922,1361.2399,0.0888
1923,1361.2076,0.0798
1924,1361.2931,0.0883
1925,1361.5048,0.1218
1926,1361.6923,0.1507
1927,1361.8634,0.1481
1928,1361.8317,0.1676
1929,1361.6455,0.1512
1930,1361.5674,0.1072
1931,1361.4019,0.0899
1932,1361.2981,0.0815
1933,1361.2361,0.0771
1934,1361.2887,0.0780
1935,1361.5372,0.1060
1936,1362.0519,0.1563
1937,1362.2073,0.2226
1938,1362.1183,0.2148
1939,1361.9939,0.1824
1940,1361.8455,0.1426
1941,1361.7234,0.1149
1942,1361.5128,0.0934
1943,1361.3309,0.0788
1944,1361.3180,0.0711
1945,1361.6187,0.0959
1946,1361.9385,0.1892
1947,1362.1898,0.2583
1948,1362.3062,0.2167
1949,1362.1644,0.2231
1950,1361.8707,0.1524
1951,1361.6533,0.1411
1952,1361.4714,0.0916
1953,1361.3473,0.0773
1954,1361.2745,0.0729
1955,1361.4337,0.0945
1956,1361.9768,0.2087
1957,1362.4329,0.2650
1958,1362.4039,0.2678
1959,1362.0961,0.2515
1960,1361.9429,0.1684
1961,1361.5570,0.1007
1962,1361.3755,0.0873
1963,1361.3164,0.0783
1964,1361.2968,0.0698
1965,1361.3314,0.0725
1966,1361.5267,0.0966
1967,1361.7355,0.1510
1968,1361.7905,0.1583
1969,1361.8584,0.1558
1970,1361.8505,0.1643
1971,1361.5586,0.1200
1972,1361.6414,0.1184
1973,1361.4154,0.0894
1974,1361.3394,0.0841
1975,1361.2781,0.0746
1976,1361.2561,0.0669
1977,1361.4288,0.0812
1978,1361.8116,0.1350
1979,1362.1752,0.1902
1980,1362.2012,0.1913
1981,1362.2485,0.1973
1982,1361.8069,0.1852
1983,1361.8102,0.1158
1984,1361.4021,0.0999
1985,1361.2557,0.0681
1986,1361.2617,0.0666
1987,1361.3965,0.0757
1988,1361.7025,0.1294
1989,1362.2012,0.1993
1990,1362.1200,0.1757
1991,1362.0125,0.1986
1992,1361.8813,0.1390
1993,1361.6144,0.1008
1994,1361.3958,0.0795
1995,1361.3113,0.0703
1996,1361.2351,0.0647
1997,1361.3572,0.0728
1998,1361.7025,0.1052
1999,1361.9731,0.1331
2000,1362.2537,0.1650
2001,1362.0814,0.1615
2002,1362.1906,0.1662
2003,1361.6907,0.1190
2004,1361.4706,0.0959
2005,1361.2625,0.0824
2006,1361.2358,0.0703
2007,1361.1686,0.0636
2008,1361.1968,0.0607
2009,1361.1910,0.0605
2010,1361.3396,0.0721
2011,1361.6064,0.1024
2012,1361.7682,0.1096
2013,1361.8130,0.1130
2014,1361.8887,0.1392
2015,1361.9490,0.1091
2016,1361.4648,0.0824
2017,1361.2914,0.0717
2018,1361.2625,0.0643
2019,1361.2555,0.0637
2020,1361.3228,0.0678
2021,1361.4894,0.0794
2022,1361.9811,0.1198
2023,1362.4476,0.1574
2024,1362.5648,0.1905
2025,1362.4159,0.1605
