City,Station,NBM_High,GEFS_TMAX_Mean,NDFD_Tmax,ECMWF_Tmax,ECMWF_OM_Tmax,HRRR_Tmax,UKMO_Tmax_Mean,UKMO_Det_Tmax,NBM_Low,GEFS_TMIN_Mean,NDFD_Tmin,ECMWF_Tmin,ECMWF_OM_Tmin,HRRR_Tmin,UKMO_Tmin_Mean,UKMO_Det_Tmin
Albuquerque,KABQ,2.878491668515698,3.5587919298548485,2.4664414311581235,7.144078467014284,4.553099415311979,3.0983866769659327,4.6212243275688625,2.640075756488817,2.8535691936340255,2.186157751463904,2.9860788111948193,6.379039336541425,3.4185418779691115,2.935862005320705,3.73315263168124,3.3660065359413682
Anchorage,PANC,2.7255405754769875,3.374801581469008,2.958039891549808,4.071854614300467,1.889633373359574,,1.7635192088548404,1.7588551471259444,2.9760952365713798,2.76315037592962,3.3541019662496847,2.0873770280289223,2.283950212116842,,2.1015300548477933,2.5535689310677103
Atlanta,KATL,1.9086270308410553,2.7566801980436018,2.5,2.2644772339012698,2.469962405728939,1.63946855500712,2.43281142478644,2.5975262957558027,1.3627702877384937,2.3465780556863156,1.2583057392117916,3.1119585013758955,2.4858169108535955,2.8880294814482568,1.555634918610405,2.4845235243114816
Austin,KAUS,3.281650616569468,3.1078065477860006,3.1908961408698624,4.637058085932037,3.857161172117691,2.8713438290485858,3.981882044383613,4.155904048644347,2.84102597162162,5.650221234606659,3.13581462037113,4.03829879316243,3.8265986388511064,4.336390862720487,2.777846030907505,4.857909603346456
Baltimore,KBWI,2.1213203435596424,1.874071198525512,1.9578900207451218,3.478505426185218,2.4659104374884113,2.393443424978211,2.390905387385407,2.1339098923270945,2.988071523335984,4.419599206133645,3.2015621187164243,3.368339989626089,3.3864224696362304,2.686208161277581,5.8395205282625735,5.7690677632649505
Boston,KBOS,2.9640705601780613,3.196314842350262,3.013856886670854,3.4548103111045467,2.9133927203274794,3.56631061863257,2.6365561953860532,2.5993130960753037,2.29906813420444,3.0976949955917683,1.9148542155126762,4.381861965616248,2.6126067989106745,2.5783438759903903,2.6156124658344497,3.363777638310832
Charlotte,KCLT,1.0690449676496976,1.9449568485848585,1.6583123951777,2.714642833649709,1.7419201228201335,1.1967217124891054,3.6271791479645117,3.571114271884497,2.7645717829090897,3.5069319110258523,3.4034296427770228,3.0735042819928804,3.1450641601449996,1.7746226963176472,4.495712242952007,4.276012829060002
Chicago,KMDW,2.5634797778466227,2.451967140306503,2.0207259421636903,3.8376890367585994,3.670636379236089,3.392007412390824,3.263105444642748,2.7534394076188744,2.0873770280289223,4.708275389445391,2.7838821814150108,3.338733720610684,1.2741944233795044,2.3778742006855014,4.773812492577155,4.677224451683772
Chicago O'Hare,KORD,2.104417123236605,2.521337513531828,1.7795130420052185,3.852086633056352,3.901739538791822,3.0186326138075916,3.071993303564129,3.2245708463076377,1.625686668105863,4.584601556141104,2.6770630673681683,2.821473779022993,1.0440306508910553,1.7250258797230524,4.130288817296645,4.78539444560216
Cincinnati,KCVG,2.8284271247461903,2.9248931604419326,2.8722813232690143,4.076237761185462,2.093015596146928,1.192536312714569,4.323936698360484,4.385202389856139,2.659215781283755,3.18646691942211,2.041241452319315,3.871415392702924,3.181980515339464,3.132434014810664,5.573854783079404,5.643200712868034
Cleveland,KCLE,1.7113069358158484,2.5334899700948963,3.24037034920393,3.6645015252516178,2.017247063273538,1.7196345126633303,3.1149409533500205,2.2912878474779195,5.80640040940045,8.505292469985967,6.082762530298219,9.532201064961708,5.169968223168439,3.2474165556199104,6.5185449734912915,9.446201050460143
Colorado Springs,KCOS,2.586949495507729,4.712177350717541,3.302891295379082,5.740209055426468,2.4383159383854722,2.7820855486487126,2.5723380565009486,2.567099530598688,1.9456912102680337,6.099882902857352,2.0,1.930950913040367,1.8075239575570936,2.329162939770423,2.9331845200347404,3.012236947614086
Columbus,KCMH,2.017778127403648,2.719112250086676,2.1984843263788196,3.8773149767037793,2.8373780653473517,2.62474488556235,3.4905996210229735,4.272587038317651,1.927248223318863,2.966960927086359,3.8297084310253524,2.663644120373441,2.161348785233094,1.219777497274459,4.281188086100799,2.2158519806160335
Dallas,KDFW,3.0,1.6936857526033053,2.958039891549808,5.165683470198855,4.472215813857186,2.26447723390127,2.815645066917553,2.6176598054641973,1.8516401995451028,4.878963590178319,2.101586702153082,2.2469026299711867,2.7083205127901695,1.1768602295939805,3.7512854939530875,3.919183588453085
Denver,KDEN,2.1984843263788196,1.9224550276491092,2.6076809620810595,3.782195129815489,2.0908530954293902,3.4858045460601113,1.9952025795225226,1.6693312034065213,2.6457513110645907,4.850110455295985,2.8284271247461903,3.328663395418647,3.5715142846857386,2.891119407525643,5.237843067523119,2.99678399049953
Detroit,KDTW,2.9277002188455996,1.5075997953227303,2.309401076758503,4.890588629485938,3.017212526251909,2.5211958613778056,2.900615698187444,2.488975692930731,1.164964745021435,6.254369900888727,1.8027756377319946,3.8739975661914325,1.4679918255903193,1.405092777821349,4.840159383444192,4.981107163214677
El Paso,KELP,3.2841611235921855,1.970315420724016,3.068658773253661,4.719110085598768,3.5255192120148378,4.0411278482268145,2.6358788179385537,2.2928460168844436,1.6690459207925603,5.3270200729059445,1.5545631755148024,3.4106974569517527,2.0214916698884933,2.987951998084498,3.572414149723245,4.3
Fresno,KFAT,1.5811388300841898,2.5784362185893475,2.1213203435596424,4.393271370326826,2.5195899137227338,2.706935536727835,2.828279806996943,3.1603006186120943,1.7113069358158484,2.6412929734182424,1.4142135623730951,2.8264060976037118,2.82842712474619,4.12293238224585,2.3724610489050026,4.509751339359759
Honolulu,PHNL,1.2817398889233114,6.301587101675259,,4.411429959289196,4.060700150748111,,3.871692136521188,3.6922699173891864,1.535298947157477,1.8228705776486553,,1.8065357534716626,3.291656118126559,,1.9610492818168248,1.4606749907393584
Houston,KIAH,2.8147960713126134,1.5033296378372927,1.954016841836789,3.8761598760390914,4.073648902963457,3.0740852297878787,5.03487835006964,3.714731587777339,2.1712405933672376,4.528639026084043,3.082207001484488,2.2640040383608615,2.0073080765756215,1.7886547219309024,1.630293575665789,2.3612950441895846
Houston Hobby,KHOU,2.220038609702865,1.1183533814113895,1.707825127659933,3.0060652972662742,2.9492129700747527,1.645556788098528,2.7046256672597044,2.115419580130618,2.1547290184283368,3.192177939902473,2.661453237111885,2.38102618933218,1.9318754766140742,1.5558644817959852,2.816786416163946,3.4759376946577807
Indianapolis,KIND,2.7774602993176543,2.813741789351479,3.6742346141747673,3.704533901663125,2.934523568047898,1.6259063406517067,4.29243520626695,4.035998725753727,2.2038926600773587,2.3751691669076056,3.8188130791298667,2.4540054721093956,2.6997354367736537,2.2290292570021206,4.93319658755138,4.9441162723267045
Jacksonville,KJAX,3.3806170189140663,3.82949082777332,1.848422751068236,3.6483851613713005,3.8862394603082744,2.2177852530331754,3.5144599259955394,3.396742136644631,2.6311740579210876,4.04655599054497,2.9848100289785457,2.0238957102958266,1.503585458419053,1.6276457751091813,4.688775467498457,2.8075447801072886
Kansas City,KMCI,2.4664414311581235,2.5147895869568604,2.1105794120443453,3.662535551590818,3.1287643993542664,3.935204357251769,3.9133319136851483,3.2987371320956553,2.4324199198877374,3.6312302782023242,4.2852813634155185,1.8812673033534246,2.25055548698538,2.9760152329359246,2.866036752497544,2.6981475126464085
Las Vegas,KLAS,1.2535663410560174,5.824639780400894,1.5545631755148024,2.5490894732937757,2.8976591537702587,1.4312831406019668,2.234949663862701,2.5795902221643097,3.0237157840738176,2.9273342334427266,3.415650255319866,3.156173089586276,3.3485604582950477,4.39667081843914,8.001071356833586,2.5916073335728473
Long Beach,KLGB,3.763863263545405,8.922957282575473,4.123105625617661,7.90036918968559,9.229978331502192,2.8416544476765635,2.4414817904980017,1.9192012227313033,1.9639610121239315,5.667955035611546,2.857738033247041,1.4345233155502026,2.369900540408513,3.6138621999185316,3.5479370263375767,5.570778350335925
Los Angeles,KLAX,4.4549022263293105,5.15617628152431,3.6556307750696546,5.576461519361816,9.751725685546832,2.5573423705088865,9.119294844533675,3.5446601225809213,2.4201534780139164,5.316954015223378,2.614064523559687,1.6692598873238897,2.586917636327615,5.376536325288137,5.401124221598952,3.1772629730634514
Los Angeles Burbank,KBUR,2.4289915602982237,4.271299568047176,2.8284271247461903,4.08803131103469,2.483545852204062,2.357965224510317,1.7974982614734292,2.2684796670898355,2.0,3.610401639707137,2.217355782608345,4.245670063219029,8.628110205270083,1.8763566520558603,4.712142369908375,3.5463260667102467
Louisville,KSDF,2.7386127875258306,1.5182226450688965,2.5495097567963922,3.8602368543171766,3.284161123592186,1.2873006086935792,5.86411605809922,4.43838773816413,1.4638501094227998,2.615202805574688,3.24037034920393,3.2402601306508907,2.0424075429327435,2.144927571204745,2.054263858417414,4.182019334518399
Memphis,KMEM,2.0873770280289223,3.026077139985506,1.5275252316519468,3.5800039904207615,2.103907928458033,1.4636061140699208,3.2196938629982483,3.1160872901765764,1.889822365046136,3.5127319445533716,2.7233557730613653,2.2030822564242643,1.4111798508441677,3.48855270850248,2.396276874057516,3.1410871639336237
Miami,KMIA,2.1712405933672376,2.2906642829412727,1.8257418583505538,3.289051100675869,3.7662979170532966,2.7522717889045762,2.058952576988047,1.7836559565758687,2.8284271247461903,3.274359261203413,2.8722813232690143,4.058852758389459,3.1871393353377475,3.1371051259765843,2.5479683783639966,3.299783542684494
Milwaukee,KMKE,2.4053511772118195,2.7370474185568243,1.9148542155126762,3.507441069660738,2.2473794262906046,2.443358344574122,1.9272482233188633,2.1620096471305836,3.0,3.6120828973243198,3.122498999199199,4.2765974459008556,3.3004328720422627,2.540247457012238,5.525719087012244,6.155253273192163
Minneapolis,KMSP,2.3603873774083293,2.8670542373662897,2.5,4.824713166899888,3.5654092131398967,3.4366719781955175,3.8024428238398835,3.182204985765151,2.3754698783308417,3.9893608510637395,3.427827300200522,2.5682122742706226,1.9423843962658733,2.522895162308572,2.9594883727717916,3.9280129473164562
Nashville,KBNA,3.585685828003181,3.319853697292784,3.1754264805429417,4.318316470901266,3.7874793728811227,2.3921000934624086,5.642694391866354,6.369514446621052,2.2038926600773587,5.55884109196461,2.857738033247041,4.372642221815089,3.776525235867339,1.6574507103207792,2.852692963299264,3.9328288619189693
New Orleans,KMSY,1.7320508075688772,1.547117134728792,1.6072751268321592,1.9462417996891197,2.9160883780453943,2.2132716572014903,1.8668154702594477,3.006302902712423,1.9456912102680337,1.9357538214201861,1.9364916731037085,2.7068695678112844,2.643725725994606,2.2081019645193685,3.146994030590372,3.9232821536492706
New York City,KNYC,1.7928429140015905,2.8738973040604123,2.449489742783178,4.706378650300036,1.512802508119098,2.006952202434612,2.388065565024785,2.6167045796464787,1.4880476182856899,2.649258656411531,1.7795130420052185,3.6231399168598033,1.5301727260112088,3.1716377022424425,1.8896333733595745,2.4499271126184254
New York JFK,KJFK,2.32992949004287,2.064149773081954,2.254624876411447,3.8632887544163728,2.2398979568593886,3.150510162769561,2.294714423564354,2.289728617731181,2.1547290184283368,3.7815340802378055,2.101586702153082,3.393375900191431,2.012816079881263,2.968525367441359,2.5510502039076273,3.2766489850804237
New York LaGuardia,KLGA,1.647508942095828,1.7738175135646217,1.632993161855452,4.02979971143551,2.39702196187567,1.530639455540442,1.9726704163211273,2.0824093188968815,1.3887301496588271,1.8593393604027357,1.7559422921421233,5.136772193842022,2.5002856979610493,4.525088791551892,1.4667748877822295,1.887363996992328
New York Newark,KEWR,2.187627547301936,2.313624244093485,2.327373340628157,4.27367356197051,2.897659153770259,2.9758552192125,2.7183240635151864,2.9386585861093644,1.439245834257849,2.1776461735421697,1.8708286933869707,3.3952698188593415,0.9816167422020813,2.55049014897137,3.049238780885672,3.1888197547950914
Oakland,KOAK,2.6726124191242437,4.887520551655732,2.273030282830976,4.622074364240739,5.3551710656950195,1.9932027350114538,4.183983064702136,4.413372536151593,4.949747468305833,7.298776805543712,5.07444578254611,2.6016478294672076,3.3330595125628526,2.0445048300260864,3.905124837953329,4.733165657660542
Oklahoma City,KOKC,2.5773740789526736,3.0291441506990533,3.0,3.6749149650025914,4.187310763314733,1.7556032744167644,3.3622908856908835,2.9075026102432715,2.8908723349782948,4.740027124696351,3.366501646120693,4.107397507633548,3.6022810233834575,3.065359452238607,3.532097717463985,4.886935937491185
Omaha,KOMA,5.606119105813881,5.5059059200098925,5.049752469181039,5.828256294001786,5.67085279553009,5.256492584006402,6.211797531425874,6.127863762006648,3.6742346141747673,4.783378961123014,4.743416490252569,2.3576622804319167,4.435651023243375,3.6160357141093455,3.699517343036599,3.348453800956923
Philadelphia,KPHL,2.5213375135318272,3.878972618030266,1.8257418583505538,4.28368999812078,3.1208973068654458,3.1934083896140106,2.5378562381888936,2.989863828719581,2.32992949004287,3.723861283284175,2.273030282830976,5.271554392613787,2.1728848500158877,3.6376994299772965,1.9493588689617922,2.397617865417972
Phoenix,KPHX,2.4806946917841692,3.3452607119280287,2.5584085962673253,6.217469185844275,4.441240298004081,2.4131052449234227,3.417376411585581,3.1687172847651195,2.3533936216582085,3.26696754239722,3.5161962919661303,3.5599265333819625,2.758065096570977,4.725055962224558,3.3290100168530117,1.446215219646945
Pittsburgh,KPIT,2.052872551885702,2.5504901489713716,2.23606797749979,3.0151995906454645,1.996425376946077,1.8059425714647097,2.4954243841765402,2.4417499579487782,2.815771906346718,3.2564222260458977,4.645786621588784,3.4819945023342167,3.170060837631624,2.5454441094405746,3.657868231634377,3.8726144730844108
Portland,KPDX,2.6457513110645907,3.705401462729779,2.0207259421636903,3.9500452076979,3.0571929234885684,2.9158434212321604,3.590960874195095,3.820246813268181,2.7255405754769875,3.3550601442341637,2.3804761428476167,3.0982714074602504,1.9800793634888185,2.6839469869152457,2.4261963175779018,4.187822482252219
Raleigh,KRDU,1.7113069358158484,2.018662923818636,1.2909944487358056,4.731354381750991,3.296859977961714,1.224453230746572,4.026874009168188,4.20365487233601,2.878491668515698,3.8114489183436335,3.7080992435478315,3.6596252735569994,3.850881160758627,3.394743836327818,4.573916733579032,3.888903628089983
Sacramento,KSMF,2.2519832529192065,2.1931712199461315,1.9148542155126762,4.090144950278133,2.360538679442229,1.62919787450319,5.2896124621752785,1.4658006101006482,2.7645717829090897,7.3244209912554075,3.1490739379485304,6.796164884908042,7.155766905091305,2.84592440417621,8.751816138053046,2.65249208966102
Salt Lake City,KSLC,2.1213203435596424,4.540925015897093,,4.566362520285339,3.2318725222384637,2.4552664485414457,2.5001666611114812,2.914332399252586,2.6457513110645907,1.1819150041026973,,1.6333071688118885,2.3582914284579974,2.846320161460839,1.5735799459048294,3.3758189889497694
San Antonio,KSAT,1.8810798862519205,1.9866864566214446,2.1105794120443453,3.5760958514085646,2.6736606999508252,2.0069111359729663,1.9321172125616306,2.125486369679256,2.5213375135318272,3.270430290606158,2.886751345948129,2.8833264519598605,2.5109759058979435,1.8822478962286409,1.7627089541790109,2.6528959917149315
San Diego,KSAN,2.6076809620810595,6.336166033178108,3.5118845842842465,7.122078348347484,9.765090885393745,1.5833508770957876,5.496999181371595,6.224949798994367,2.5071326821120348,4.790466723459358,2.943920288775949,1.9142324086394806,3.498877370978133,3.0904229946261865,2.068125445214301,5.396295025292817
San Francisco,KSFO,4.123105625617661,8.555365901835277,4.272001872658765,8.119597104712591,6.362221085663178,3.851901200335081,6.389164935375245,3.906953508078348,2.4053511772118195,5.918252637874992,4.163331998932265,3.069318211869582,3.3133927368441296,2.5190701232229102,3.0296157229212133,2.343836903150778
Seattle,KSEA,1.5811388300841898,3.285248414177706,1.632993161855452,2.2866069685390675,3.244335723336025,2.913883025400006,1.8067334375291,2.160853006172729,1.7525491637693282,1.4501231474799454,1.6832508230603465,1.5222164291397124,1.5163395774976376,1.311215357706626,1.6555102795556065,2.270934357735349
St Louis,KSTL,2.4640269015229057,1.9860225865497392,2.857738033247041,3.690915488446889,3.6475040389677043,2.5527296314785413,5.15079744172825,3.4922362872111434,3.093772546815388,2.9805320713878296,4.262237284181474,2.97861425114815,3.1001152052325867,1.6666904760204109,2.2042167381116196,5.2586663165265985
Tampa,KTPA,2.220038609702865,2.975735203273303,2.48327740429189,3.1398362104688555,2.4810711972279806,2.714642833649708,1.9272482233188648,2.356146975769672,1.889822365046136,3.8588488290828753,1.7559422921421233,2.925625696203414,2.395382462751438,2.2883244025768237,2.002141710411984,2.201136070305512
Tucson,KTUS,3.3806170189140663,3.5147647757099527,3.2914029430219167,6.0654171921052304,3.5521623193284877,1.9719461018423987,2.12350787949697,2.1505813167606567,2.2834810518779687,4.122325973109288,2.798809270624444,3.067223034416822,2.526714410907122,2.4194155138320976,2.642509629662143,2.975735203273303
Tulsa,KTUL,3.6645015252516173,3.2057983182263436,4.163331998932265,4.769396487727024,3.679188575138351,4.4013796538293395,4.407299140549199,5.525266638685542,2.1213203435596424,3.1165457068455042,1.5275252316519468,3.168370468958993,3.14994331014748,2.781700404942478,1.9093753653261287,2.305583285356286
Virginia Beach,KORF,2.345207879911715,3.350159910895513,2.9297326385411577,4.050837655878809,2.623247714461706,1.860875370049574,7.331487863027143,2.3398717913595184,2.29906813420444,4.711308583761901,2.798809270624444,3.7204070437827865,2.0537422289219127,2.801020222296563,5.817093039360075,4.185092591568317
Washington DC Dulles,KIAD,2.138089935299395,2.070024154448444,1.5811388300841898,4.7034182098919155,2.3182505719368924,1.993202735011455,3.0648933796416835,2.4742964367962994,2.23606797749979,3.7127194499834912,2.1213203435596424,3.566010175452193,2.8071337695236402,2.3705032618171424,3.9502260333157797,4.474052174164139
Washington DC Reagan,KDCA,2.3145502494313788,2.127540498187654,2.309401076758503,6.040163195524722,2.632624980074883,2.8222331583340163,2.386569564398717,2.163165669634604,1.3363062095621219,1.3609345528506718,1.6832508230603465,4.315338093028501,1.4808298831591513,2.418234302721129,2.458222354234283,2.6028830169640744
Wichita,KICT,2.659215781283755,2.0644957876302032,2.9860788111948193,4.461181778087827,3.227781192796598,3.6235341863986874,3.3575075789724056,3.6272776096051507,2.878491668515698,3.4688408932750345,2.7233557730613653,3.40535292905575,3.2213573004469476,1.8920887928424508,2.83888811232245,4.94758238219147
